--
-- PostgreSQL database dump
--

\restrict uS0hpYcM1tlBvuzd6HBSbBDNRVXbiUiF3nd6gyffoOkj91Rcvc1yfQTo2ec0klO

-- Dumped from database version 18.0
-- Dumped by pg_dump version 18.0

SET statement_timeout = 0;
SET lock_timeout = 0;
SET idle_in_transaction_session_timeout = 0;
SET transaction_timeout = 0;
SET client_encoding = 'UTF8';
SET standard_conforming_strings = on;
SELECT pg_catalog.set_config('search_path', '', false);
SET check_function_bodies = false;
SET xmloption = content;
SET client_min_messages = warning;
SET row_security = off;

--
-- Name: person_project_assignment_status_enum; Type: TYPE; Schema: public; Owner: postgres
--

CREATE TYPE public.person_project_assignment_status_enum AS ENUM (
    'Requested',
    'Approved',
    'Canceled'
);


ALTER TYPE public.person_project_assignment_status_enum OWNER TO postgres;

--
-- Name: person_skill_status_enum; Type: TYPE; Schema: public; Owner: postgres
--

CREATE TYPE public.person_skill_status_enum AS ENUM (
    'Requested',
    'Approved',
    'Canceled'
);


ALTER TYPE public.person_skill_status_enum OWNER TO postgres;

--
-- Name: project_skill_required_status_enum; Type: TYPE; Schema: public; Owner: postgres
--

CREATE TYPE public.project_skill_required_status_enum AS ENUM (
    'Approved',
    'Canceled'
);


ALTER TYPE public.project_skill_required_status_enum OWNER TO postgres;

--
-- Name: project_status_enum; Type: TYPE; Schema: public; Owner: postgres
--

CREATE TYPE public.project_status_enum AS ENUM (
    'Approved',
    'Canceled'
);


ALTER TYPE public.project_status_enum OWNER TO postgres;

--
-- Name: skill_status_enum; Type: TYPE; Schema: public; Owner: postgres
--

CREATE TYPE public.skill_status_enum AS ENUM (
    'Approved',
    'Canceled'
);


ALTER TYPE public.skill_status_enum OWNER TO postgres;

--
-- Name: skill_type_enum; Type: TYPE; Schema: public; Owner: postgres
--

CREATE TYPE public.skill_type_enum AS ENUM (
    'Knowledge',
    'Experience',
    'Technology',
    'Other'
);


ALTER TYPE public.skill_type_enum OWNER TO postgres;

SET default_tablespace = '';

SET default_table_access_method = heap;

--
-- Name: organization; Type: TABLE; Schema: public; Owner: postgres
--

CREATE TABLE public.organization (
    organization_id integer NOT NULL,
    organization_name character varying(255) NOT NULL,
    organization_manager_person_id integer
);


ALTER TABLE public.organization OWNER TO postgres;

--
-- Name: organization_organization_id_seq; Type: SEQUENCE; Schema: public; Owner: postgres
--

CREATE SEQUENCE public.organization_organization_id_seq
    AS integer
    START WITH 1
    INCREMENT BY 1
    NO MINVALUE
    NO MAXVALUE
    CACHE 1;


ALTER SEQUENCE public.organization_organization_id_seq OWNER TO postgres;

--
-- Name: organization_organization_id_seq; Type: SEQUENCE OWNED BY; Schema: public; Owner: postgres
--

ALTER SEQUENCE public.organization_organization_id_seq OWNED BY public.organization.organization_id;


--
-- Name: person; Type: TABLE; Schema: public; Owner: postgres
--

CREATE TABLE public.person (
    person_id integer NOT NULL,
    person_name character varying(255) NOT NULL,
    manager_person_id integer,
    member_of_organization_id integer,
    is_admin boolean DEFAULT false,
    role character varying(20),
    password text,
    username character varying(50)
);


ALTER TABLE public.person OWNER TO postgres;

--
-- Name: person_person_id_seq; Type: SEQUENCE; Schema: public; Owner: postgres
--

CREATE SEQUENCE public.person_person_id_seq
    AS integer
    START WITH 1
    INCREMENT BY 1
    NO MINVALUE
    NO MAXVALUE
    CACHE 1;


ALTER SEQUENCE public.person_person_id_seq OWNER TO postgres;

--
-- Name: person_person_id_seq; Type: SEQUENCE OWNED BY; Schema: public; Owner: postgres
--

ALTER SEQUENCE public.person_person_id_seq OWNED BY public.person.person_id;


--
-- Name: person_project_assignment; Type: TABLE; Schema: public; Owner: postgres
--

CREATE TABLE public.person_project_assignment (
    person_id integer NOT NULL,
    project_id integer NOT NULL,
    status public.person_project_assignment_status_enum NOT NULL
);


ALTER TABLE public.person_project_assignment OWNER TO postgres;

--
-- Name: person_skill; Type: TABLE; Schema: public; Owner: postgres
--

CREATE TABLE public.person_skill (
    person_id integer NOT NULL,
    skill_id integer NOT NULL,
    status public.person_skill_status_enum NOT NULL,
    level character varying(50),
    years integer,
    frequency character varying(50),
    notes text,
    requested_at timestamp without time zone
);


ALTER TABLE public.person_skill OWNER TO postgres;

--
-- Name: project; Type: TABLE; Schema: public; Owner: postgres
--

CREATE TABLE public.project (
    project_id integer NOT NULL,
    project_name character varying(255) NOT NULL,
    status public.project_status_enum NOT NULL,
    project_owning_organization_id integer NOT NULL,
    project_start_date date,
    project_end_date date
);


ALTER TABLE public.project OWNER TO postgres;

--
-- Name: project_project_id_seq; Type: SEQUENCE; Schema: public; Owner: postgres
--

CREATE SEQUENCE public.project_project_id_seq
    AS integer
    START WITH 1
    INCREMENT BY 1
    NO MINVALUE
    NO MAXVALUE
    CACHE 1;


ALTER SEQUENCE public.project_project_id_seq OWNER TO postgres;

--
-- Name: project_project_id_seq; Type: SEQUENCE OWNED BY; Schema: public; Owner: postgres
--

ALTER SEQUENCE public.project_project_id_seq OWNED BY public.project.project_id;


--
-- Name: project_skill_required; Type: TABLE; Schema: public; Owner: postgres
--

CREATE TABLE public.project_skill_required (
    project_id integer NOT NULL,
    skill_id integer NOT NULL,
    status public.project_skill_required_status_enum NOT NULL
);


ALTER TABLE public.project_skill_required OWNER TO postgres;

--
-- Name: skill; Type: TABLE; Schema: public; Owner: postgres
--

CREATE TABLE public.skill (
    skill_id integer NOT NULL,
    skill_name character varying(255) NOT NULL,
    status public.skill_status_enum NOT NULL,
    skill_type public.skill_type_enum NOT NULL
);


ALTER TABLE public.skill OWNER TO postgres;

--
-- Name: skill_skill_id_seq; Type: SEQUENCE; Schema: public; Owner: postgres
--

CREATE SEQUENCE public.skill_skill_id_seq
    AS integer
    START WITH 1
    INCREMENT BY 1
    NO MINVALUE
    NO MAXVALUE
    CACHE 1;


ALTER SEQUENCE public.skill_skill_id_seq OWNER TO postgres;

--
-- Name: skill_skill_id_seq; Type: SEQUENCE OWNED BY; Schema: public; Owner: postgres
--

ALTER SEQUENCE public.skill_skill_id_seq OWNED BY public.skill.skill_id;


--
-- Name: team_high_value_skills; Type: TABLE; Schema: public; Owner: postgres
--

CREATE TABLE public.team_high_value_skills (
    id integer NOT NULL,
    team_id integer NOT NULL,
    skill_id integer NOT NULL,
    priority character varying(20) DEFAULT 'High'::character varying,
    notes text,
    assigned_by integer,
    created_at timestamp without time zone DEFAULT now()
);


ALTER TABLE public.team_high_value_skills OWNER TO postgres;

--
-- Name: team_high_value_skills_id_seq; Type: SEQUENCE; Schema: public; Owner: postgres
--

CREATE SEQUENCE public.team_high_value_skills_id_seq
    AS integer
    START WITH 1
    INCREMENT BY 1
    NO MINVALUE
    NO MAXVALUE
    CACHE 1;


ALTER SEQUENCE public.team_high_value_skills_id_seq OWNER TO postgres;

--
-- Name: team_high_value_skills_id_seq; Type: SEQUENCE OWNED BY; Schema: public; Owner: postgres
--

ALTER SEQUENCE public.team_high_value_skills_id_seq OWNED BY public.team_high_value_skills.id;


--
-- Name: organization organization_id; Type: DEFAULT; Schema: public; Owner: postgres
--

ALTER TABLE ONLY public.organization ALTER COLUMN organization_id SET DEFAULT nextval('public.organization_organization_id_seq'::regclass);


--
-- Name: person person_id; Type: DEFAULT; Schema: public; Owner: postgres
--

ALTER TABLE ONLY public.person ALTER COLUMN person_id SET DEFAULT nextval('public.person_person_id_seq'::regclass);


--
-- Name: project project_id; Type: DEFAULT; Schema: public; Owner: postgres
--

ALTER TABLE ONLY public.project ALTER COLUMN project_id SET DEFAULT nextval('public.project_project_id_seq'::regclass);


--
-- Name: skill skill_id; Type: DEFAULT; Schema: public; Owner: postgres
--

ALTER TABLE ONLY public.skill ALTER COLUMN skill_id SET DEFAULT nextval('public.skill_skill_id_seq'::regclass);


--
-- Name: team_high_value_skills id; Type: DEFAULT; Schema: public; Owner: postgres
--

ALTER TABLE ONLY public.team_high_value_skills ALTER COLUMN id SET DEFAULT nextval('public.team_high_value_skills_id_seq'::regclass);


--
-- Data for Name: organization; Type: TABLE DATA; Schema: public; Owner: postgres
--

COPY public.organization (organization_id, organization_name, organization_manager_person_id) FROM stdin;
1	Distribution Engineering	110
2	IT Support Services	190
3	Architecture	391
4	Platforms	712
5	Quality Assurance	934
6	Resourcing	987
7	Workforce Planning	988
\.


--
-- Data for Name: person; Type: TABLE DATA; Schema: public; Owner: postgres
--

COPY public.person (person_id, person_name, manager_person_id, member_of_organization_id, is_admin, role, password, username) FROM stdin;
41	Luisa Booker	48	1	f	employee	$2b$10$vgrEGhsm5ACV66goaNJEV.vEFg43ovsISbIozKWrtmwd8XY.GzYqa	luisa.booker
42	Dominik Cole	48	1	f	employee	$2b$10$QD2HUWXl6Z.QlRgThmx53e4PEOYFOSkK4fMJnQYIma2ka0NzrNWem	dominik.cole
44	Aries Watts	48	1	f	employee	$2b$10$ilxosQMbbgOk.tiOyFTxseH5c6SqP5xM7qqPu5cOnNm/SHh4b8TkS	aries.watts
48	Blaine Best	110	1	f	manager	$2b$10$y/DUM/H7c4okPVQDJy/Iruh1BIQ/YR9kD9757TsUxEqT5kop/rlU6	blaine.best
50	Dustin Hill	53	1	f	employee	$2b$10$/hBx/j.UGQG0ekQqdT3F3e49zaKa/Vf5to98SDJzOV0B0z7.X6wH2	dustin.hill
52	Ambrose Chen	53	1	f	employee	$2b$10$sre/6UMKqQLug9dM.Agp/.OAktd0/xnHCTmi4vcyXHHk1/7TrsVly	ambrose.chen
53	Valeria Stephenson	110	1	f	manager	$2b$10$asfJLKaLguvRE/Q0gyHg/uh3NtAIKYZO0hlLR77Hfd5XFIth4t8ci	valeria.stephenson
55	Finley Wise	72	1	f	employee	$2b$10$IZnEz9/wocMpXGNJmSx6/Off74WGdCJddx9UF/mf09GLdb6ugoTr.	finley.wise
57	Quinn Hunter	72	1	f	employee	$2b$10$MJnaCJ8n/BEBBes/WubfiuyJHTL1b/LtPBnDYg.XHPvDSPZDKBTYq	quinn.hunter
59	Zoe Hudson	72	1	f	employee	$2b$10$qljk9wofs3z6rJ6RaA74wuwgOMusAxi0z5ixVHN488LHxy0KUhrZC	zoe.hudson
61	Presley Klein	72	1	f	employee	$2b$10$FTwDrzz9VeLHJdoexM7ZjOUnBAW.IxN07ffk2DwiuS9iZziW1upky	presley.klein
62	Marco Baker	72	1	f	employee	$2b$10$gfg4.QnZQSJ5DdJqHh96y.P2TJTOm7gbIbDK6icFMzB78mW8KGRo6	marco.baker
64	Mathias Burke	72	1	f	employee	$2b$10$bDHTRmkz9E6lR.K2Yw/2X.ViCI1swid6cE/C5bpjT7TarWGgdHS2.	mathias.burke
66	Jagger Rodgers	72	1	f	employee	$2b$10$FYZGcAtSaPpaWgP/mR7lkezHHLAgwRVmfxAikXcbCUA/AVFyJ8T0C	jagger.rodgers
68	Edward Wagner	72	1	f	employee	$2b$10$srSwmILXO2fnqXfsqf1dmObt7/wHef2h5P7aKBNOzCS81vAyzf8c2	edward.wagner
70	Nikolas Gregory	72	1	f	employee	$2b$10$5GsJWRUtHFjOqEFzavxK5uA47a67ejwKhGv5tDKYPIJOdjMGwrQy2	nikolas.gregory
936	Jaxson Wood	943	6	f	employee	$2b$10$hf3FR2XWxMH2upgX.nIXWe2cZ7YKjIStYZpCANNqEKilh/4.zUv9W	jaxson.wood
73	Zainab Parker	81	1	f	employee	$2b$10$38gOUL5EbO3RJJxRhrMtL.DRx./P45DMYoeVQp.SMbvcorELlZXU.	zainab.parker
75	Kamiyah Clements	81	1	f	employee	$2b$10$WRVX2LHj7lzL86BBxJV.p.RpjiPZZNZ8o.qpTYlX5K0yxGqRkA1.S	kamiyah.clements
77	Janelle Tucker	81	1	f	employee	$2b$10$37MTb9oV0RWObMhrKC.bK.OzWVFc8lCGx.i8m2cArKH9kXFHYP4f6	janelle.tucker
78	Ivan Brandt	81	1	f	employee	$2b$10$uwjmbuJ5gvuJw08eebGjUOPYr9eaqFsXls6Y9MK3N.rKQs0l7u5ea	ivan.brandt
80	Dario Gregory	81	1	f	employee	$2b$10$qEy3b1366N30yrFTfBMKm.ubehUfclRkUW1T9EMNfgh8wXvAL7Uwm	dario.gregory
82	Peyton Garza	84	1	f	employee	$2b$10$uPRKct6oE1nNB73Pclabne.LUiO0NFwN42MTV.WwzkADUQk5UXDn6	peyton.garza
84	Colson Ramirez	110	1	f	manager	$2b$10$e8Teq/qHObxm3thuGkiUkewbhFk..CK.Sa1.Chl5aolfECYG/8k5u	colson.ramirez
86	Rio Good	92	1	f	employee	$2b$10$4yepFOR0ah1ZVlTiuhuhO.QvHunYkPthmJ3LghbLzxCLWBrlqd2ga	rio.good
87	Nathalia Truong	92	1	f	employee	$2b$10$09F4ExaClr4ZtRjq6t/NpuuOcBI3fLlxal1l2Gz6kc/y3qXoXeCqe	nathalia.truong
89	Emelia Blevins	92	1	f	employee	$2b$10$CjRLN8yBWItAibZ5Y9R4MO5Di06hDSCi/CV19y7AA5WEkFRB.gdOa	emelia.blevins
91	Yasmin Rush	92	1	f	employee	$2b$10$/dYP5Is0Lg4MwoWt5N4gL.kCwRTKdvRBT/NKBygpxSwhForzQ5HIi	yasmin.rush
93	Anne Colon	110	1	f	employee	$2b$10$7j3BUW4qKCOsZ1beiadTf.IM5H.M5uWMCQCHZNh29WrcSVHqlwXSK	anne.colon
95	Kallie Le	110	1	f	employee	$2b$10$HwV/Z98av6a1nI92LA2iAOIZ1Jyx6pI8.VyGMFS4aWJ47A9WobY3O	kallie.le
97	Waverly Pineda	110	1	f	employee	$2b$10$DmRwJtX9Kbxb.olPAkX1FObiELtMx0HlfiPhN3K1HCUEKPwMnVMRG	waverly.pineda
99	Ainhoa Holt	110	1	f	employee	$2b$10$xse3qu/m4AVn7KeZaTH1BeKqzHpqhkZ1kpzFd.RK.L7q3a5KcpI9.	ainhoa.holt
101	Jemma Reyes	110	1	f	employee	$2b$10$Bj6xlKi9KybuuaQlHv15DO1Sf/IGTp06LU71Zqi4nLsNt2HK4rooe	jemma.reyes
102	Eli Wilcox	110	1	f	employee	$2b$10$nkzGd/W.TQOBlQXcYT6MceLBP4ey8/0py6xUuT9pEDQ2M0JT.QC4u	eli.wilcox
104	Caden Pollard	110	1	f	employee	$2b$10$WRwEhrFM.1YpFIbnMdDdxu68S3ctP/.HEkIOi5iXNs9.BPKyVW5QG	caden.pollard
106	Gary Howell	110	1	f	employee	$2b$10$QFq7xXe34MVz/ufqFeuef.bNzzRlV0BrBCW2JysXoIKrrpnwtum96	gary.howell
108	Remington Burton	110	1	f	employee	$2b$10$mYZIxOHO9eK.ERQ9z2D0jetYU36vUz7i/3L0P30nTYWS6TjDrOsD6	remington.burton
110	Mylo Hobbs	988	1	f	manager	$2b$10$Kgf7UtdpdneD5ZlePKpuT.B91xhrzpk2yL76rBi2XQJ5EBVfexxaW	mylo.hobbs
112	Jack Gonzales	117	2	f	employee	$2b$10$/BmIJDUBq6k8BO2g/iLM/OG99LDqsncvy4bSLMtE20nqGn6zoiElq	jack.gonzales
114	Nova Holt	117	2	f	employee	$2b$10$hdo4xiV6ocWeQpMcA/RdS.9Sj//ChaZj7nh4JamjShsPJ6sEbt74m	nova.holt
116	Wes McIntosh	117	2	f	employee	$2b$10$ATlVYoz5UR.ogzAEyVPXwOMHtG/xa7SB5FHai6SOlYvwOOYvuJV8O	wes.mcintosh
117	Gwen Dudley	190	2	f	manager	$2b$10$sLIadHKqyaZgOhdd7GasEesdarzDE4yPqCsmdZOofZmuE1vy0hFHW	gwen.dudley
119	Amaya Bernard	123	2	f	employee	$2b$10$Pnpwldn/cD2ItlNa8hLD0./GwQwTgNKgh8rCe6GTLDy2vO9ksA94.	amaya.bernard
121	Mavis Hamilton	123	2	f	employee	$2b$10$BJfin6aTXGPOLuFmPEYUZuWuJEoh0FSR2VhORn2x4ED/nolvIBFMi	mavis.hamilton
123	Azalea Stout	190	2	f	manager	$2b$10$N2mmGtlzIt5QKGuJb2Jr2ePhlOyOckbhC3zCKq7nLBDnN8yxGYbMK	azalea.stout
125	Rebekah Underwood	130	2	f	employee	$2b$10$oAP.M8VHVaJu.trmw1CkXOaL5kPRvyfkSb/r1davKhR/nB/72JOdO	rebekah.underwood
126	Reece Medrano	130	2	f	employee	$2b$10$CBlJprsmsplaQRdZgk5edelAcLJhLATVKbxhSAwIfBCR0nnQ0MH1m	reece.medrano
128	Russell Cunningham	130	2	f	employee	$2b$10$v36twphSqaYxJPg16HrpN.ef6YhlDQJ4IZ7i06BNIiIcjXtAQty3G	russell.cunningham
130	Josue Conrad	190	2	f	manager	$2b$10$HWwbW2qlVJ2VJcKzpLF63eJNqkoRaVpsbwGwpzeyHo2SlR/oRUU3C	josue.conrad
132	Ben Matthews	137	2	f	employee	$2b$10$VT5M9PMA3b2Y.nsdujCoyusf8sZJJy2a73uModhlzix5yXHERVU8i	ben.matthews
134	Jamari Jordan	137	2	f	employee	$2b$10$KNQ8xh20m8bi3V.kvWUYt.0NhY0CiisyLeZZYWpvu9PrEHzhwtjwu	jamari.jordan
136	Jace Jensen	137	2	f	employee	$2b$10$Tq8VyNyI8h33ON6E79DGbebAkWzIzW4hM.vZyQwjoYEsVPjm6M/Vq	jace.jensen
139	Aviana Montoya	148	2	f	employee	$2b$10$h4Mqs.l1ElSCAtJdze9Uee2Z2VhqNjBkH67kOPCgNEZmojva.j9G.	aviana.montoya
141	Nevaeh Felix	148	2	f	employee	$2b$10$1Xi0oBxQ/bF/8i9IdDMvROQ2oTORoC3WaiThPOipir68gJRufavj.	nevaeh.felix
143	Aya Day	148	2	f	employee	$2b$10$g.N8ZWGdyVqXIFhT.CHw1.whjwuE41mKrcnLlYTHSAVCeQzP6IKPq	aya.day
144	Kayson Lindsey	148	2	f	employee	$2b$10$1goIHFjsjnHv4kjWs9veFOwgWYXFn5WN4F9ncJAd28.EzikSvxmry	kayson.lindsey
146	Gordon Reeves	148	2	f	employee	$2b$10$bSM1XOl1qrRg7Q9jLHwDouA3ZhwYiSS9k74NvxJCLv46thdnbluDG	gordon.reeves
148	Dilan Cuevas	190	2	f	manager	$2b$10$TywgUOx9v1FPFzhRXi0nr.8OxRR298Q49PUv0z7Cyqlws/owc7.Ka	dilan.cuevas
150	Gabriel Huang	157	2	f	employee	$2b$10$O7A7jLWvOEB4LjVgTJ/mz.NSQ/jt.YYv6wvECvI1PQZQilq6EXA..	gabriel.huang
152	Baker Fowler	157	2	f	employee	$2b$10$oz7LQFZ8Ne0/oh8nY4OFLe9h/2WxGWy4GNFrloz4m0dHwxAjWuiKe	baker.fowler
154	Marcellus Maxwell	157	2	f	employee	$2b$10$oFfzkWwsopxJOEJvO2D//.jdouK/YACfgFAnFXKmYmre3aCLJvmT6	marcellus.maxwell
155	Kyla Briggs	157	2	f	employee	$2b$10$Vj/UT3mchi6sfL97Vo.2Kua7rob7k4dwwJtu42gn4iHrU09CJU51G	kyla.briggs
157	Phoebe Santiago	190	2	f	manager	$2b$10$tOH9HvaNTlPrfaJxQmxC8u.eU.c9/GcDsjtFnq9B6bx5seO3g/MVy	phoebe.santiago
159	Joanna Mathis	162	2	f	employee	$2b$10$Sz3ke1W8S9gMA8627yXyley62ez6WoGZiJHfyOD7YA.SnYwy3BEd2	joanna.mathis
161	Maren Giles	162	2	f	employee	$2b$10$TLk1GB6hDk85BQFrCUvcg.HN7xL/ZkpV8TJ5vcbhOR3EfVIHZ9nSK	maren.giles
162	Kole Ho	190	2	f	manager	$2b$10$yBCraI49ycnR2t1k1viXBuXS6GnBov5Jxxs67Luq8j5G6l47h8diC	kole.ho
164	Isaac Mann	181	2	f	employee	$2b$10$t5/Tr7VNOsQWO4mg7dLDQuJkc4i5dXn6CnHDmpsnHS46yXxyutg3a	isaac.mann
166	Kayson Tucker	181	2	f	employee	$2b$10$ebIDh07/vJzK4Z657jbQRumPmgNZ1viZ.VAy.Zi2qXQyKBqlCpwxu	kayson.tucker
168	Callum Morton	181	2	f	employee	$2b$10$geKCFcnxuY8bailqE.gRt.lbJAo.aanlXaYj41WkCKfPpQ2lOBqpG	callum.morton
170	Vance Alvarez	181	2	f	employee	$2b$10$lNAakrqq/2yR4LDQcFCADumx.M8YtHXK99yTpTub3v8fj0mzOFEE.	vance.alvarez
172	Harvey Eaton	181	2	f	employee	$2b$10$ZQCmogNU/R/3sXMGBpqVROAWNmwEjBnsRFcHjDuuwHiM2x1DOcvCe	harvey.eaton
174	Bowen Salazar	181	2	f	employee	$2b$10$luyziZYa/Hc2kDn0RvkdDupqUzks1EliC/xpX8KQqEp0/k9zQFlmS	bowen.salazar
176	Corey Dudley	181	2	f	employee	$2b$10$hH1Fwck.IppQyG2Ddfk8luauJY68c3k08zf7TJAMj2VJNNlfK1Hui	corey.dudley
177	Hadleigh Beasley	181	2	f	employee	$2b$10$tCvyU6gwuZXton/SzRZdz.wLFbRM/pUBhgBbYAzPLpY3mYyliO5A6	hadleigh.beasley
179	Ainhoa Cox	181	2	f	employee	$2b$10$X7SiCXARGeDnfPJOH.1Wb.LI4nce1vPScC6OQHuBRuDXa5rrwuXLG	ainhoa.cox
181	Kali Watts	190	2	f	manager	$2b$10$g7i/66yiuT7dtkqVeEFiYutnZy0xAK2ME3aT1gaYQb.YsOl1D2dFi	kali.watts
183	Adalyn Herrera	190	2	f	employee	$2b$10$KOFdqDyLH0.dyJ3b4ThAo.l89ss6YhTKsd.lOrBoBuFda7jwZRRcK	adalyn.herrera
185	Rosalie White	190	2	f	employee	$2b$10$mB3PtqZhRjSo1RGKbIc45.aq2dn5oGm6kqBDEs93fJ0B64f9gJ2Pu	rosalie.white
186	Aiden Miller	190	2	f	employee	$2b$10$7rmFDb6K/JicADl9FQFzrufFc7jcljvCBTM07rSi.42f7QFZu1drS	aiden.miller
188	Beckett Bass	190	2	f	employee	$2b$10$1XLk.5uWcstrPL9cJd7w5.zS48OtMA0.p4YTXLZd9.cb8wLYfwTR2	beckett.bass
190	Moises Castillo	988	2	f	manager	$2b$10$LX13azH/CKaJm5DAmUTKPOaibluKsM3Rf4BLgpd137mCTcVQc3fnq	moises.castillo
192	Stanley Shaffer	193	3	f	employee	$2b$10$tpYCP0b3rg5D15nrKDo1FuRy/nhYlcZFnAm.aZerS9JzfJEy0eQp2	stanley.shaffer
194	Rex Jimenez	201	3	f	employee	$2b$10$7kjhNVMwZpU2N.I4.NrbF.1aag5Aw3nMJ5Ayl0ArRORg2GieFNZWy	rex.jimenez
196	Maximus Perry	201	3	f	employee	$2b$10$FScbYO.cpju9/5QKjVUR3OnFQLf5vg2PWuHx2M4m2hXpGTzIKXRkq	maximus.perry
197	Clara Phan	201	3	f	employee	$2b$10$ANjSTza5/U1nvhlpGssqX.WUKKCKlbYfpvdeUsft9nyiD5CQF3BHK	clara.phan
199	Rowan Barron	201	3	f	employee	$2b$10$mydehQD09eplJutPg8IqTOsxZSEIiZDjuorzPM3rGlEVOYE2xwvK2	rowan.barron
201	Adalynn Watts	391	3	f	manager	$2b$10$aVPYVT7d7JQmBduI1R/9COnhqGnh/esR6a3exrpEYOWVzefXM4QiK	adalynn.watts
203	Jovie McDonald	219	3	f	employee	$2b$10$RhPnSo0g13sL0WW/EpWYzuK/uMgKFY/ts9NDYxioViaf9RuvW40OO	jovie.mcdonald
205	Novalee Arias	219	3	f	employee	$2b$10$iN/aml96r4EijLL2IPDOqeQFV76LRnqBlWHNCTbfDSbU8Lf/fyjPe	novalee.arias
206	Alec Lester	219	3	f	employee	$2b$10$AY2dr7dXpYQ/TtlT4IQFh.Q870reZ/fbe6SAMd93gdqryk.EStcT.	alec.lester
208	Nova Bryan	219	3	f	employee	$2b$10$AeQ65fIdtGPP0kkmptPf1OEgFOA1jPYF1CdbMxT9Qz3sXJ6wFvPvO	nova.bryan
210	Lawson Howell	219	3	f	employee	$2b$10$Ke3s1voRTSpbOjQ5r0S8h.kxPwZO6CoO1eXWw0VKj5eVd24qPqPIu	lawson.howell
212	Quincy Cohen	219	3	f	employee	$2b$10$XpyV1Ku1nRbheHgMfCEsWesqW3z7qRAzMTBYnzfC.4AHEspjA.Cy2	quincy.cohen
214	Abner Dejesus	391	3	f	employee	$2b$10$bY42A.5Vw/14VZzc/Fazr.7P9aCKH7cRrZdsrzwN4bDXfxR43MPR2	abner.dejesus
216	Ray Felix	220	3	f	employee	$2b$10$N2LYmsV4SvBjiJ8qylOoCes0e18aogfS5mfcPpuoAxYRFnfcDLVgm	ray.felix
218	Milo Carroll	220	3	f	employee	$2b$10$tq4mSKcDqAIwAciH675dDOUOHFmluUNx6lJ8etG7M5SAMGXFmf3LS	milo.carroll
219	Zara Kemp	220	3	f	manager	$2b$10$xvmJmBQG195TRqu8WV7CuedwypVHqgg9J0Hzn2Q0mKwzf7YnXRXLO	zara.kemp
221	Raelynn Knox	226	3	f	employee	$2b$10$7IAjTd8mfDDVnXiI49c6Lub0h0nsGNQIVi4U7SMCpJ8XAUwl4LZMi	raelynn.knox
223	Sloan Holloway	226	3	f	employee	$2b$10$16Rl7T1dJF.ID.fAZxHN1eN4VtqdDoNwVZMkNvN.jBepb7SyKslT2	sloan.holloway
224	Sutton Tyler	226	3	f	employee	$2b$10$/U9RQ7H5hPp7tHSyqDDJIeDrG3SkE3luiFM5zG0LHiXL5wFnnjvbG	sutton.tyler
226	Kieran Castillo	391	3	f	manager	$2b$10$5LEG0LtN31m9CHKwBBZHO.t26tWujJQcU7F5hhmFwpHJ/RkYfMswe	kieran.castillo
228	Alistair Avalos	233	3	f	employee	$2b$10$NbWqANGzi9LkKXZykcZ0OeW6tKQZTnkiTdkUjRLmwqhDIaEsnt.0i	alistair.avalos
230	River Lugo	233	3	f	employee	$2b$10$4HZ2iWdsPJ5LcUmW51PTteVu.zMbDuQcYnUogRM.7ridGrCCg1lzy	river.lugo
232	Princeton Mitchell	233	3	f	employee	$2b$10$Ndr6jCJM6bLfqcmIlA5E6uM2Z5cgPj8b3CraHCm3nrROuwiBERfy.	princeton.mitchell
234	Bryson Gallagher	240	3	f	employee	$2b$10$gGEqm3IvaIFjIFxjBuOaCO6Sgw3FsXDNw0fKiz9qAA7UGrC3NNE1C	bryson.gallagher
238	Micah Gonzales	240	3	f	employee	$2b$10$Id.0YOT9BEQaGUgzhiL49uU24Zq7kadz4vUWGoCvLwf0eniB5R1yu	micah.gonzales
240	Tate Strickland	391	3	f	manager	$2b$10$gNDSfcV7Igiv3Wrp2TnDOevYUTWg3BFWjtwcid/GVM1iDvj3FkVyu	tate.strickland
242	Donovan House	251	3	f	employee	$2b$10$oz2eXfgHwHA3yeym/OE4buRzfJ4WcI/BLUCy33Lqci9TjfGVlrrae	donovan.house
244	Kayson Fields	251	3	f	employee	$2b$10$qG7m5lntmZIqzMPYfO3jTuXjnx9v1hdfrtznfl5WepIvcA1vTyuFy	kayson.fields
246	Osiris Dawson	251	3	f	employee	$2b$10$L4dIXR/5WJgd8UiNLHLU7ulg.d6SgtckPA8DmkFibWyCqEotnZv7u	osiris.dawson
248	Jovanni Pruitt	251	3	f	employee	$2b$10$8PGHe.6PqJg7vrqsIiBvgeZ0RVx3fEijCKfnPijCklM28iWZL0jQq	jovanni.pruitt
249	Brylee Valdez	251	3	f	employee	$2b$10$o20a7FltahtK/l.ASqULBepXfVRk4S4Ns8nl0VjpztWN//j7ma7jW	brylee.valdez
251	Baylee Mathews	391	3	f	manager	$2b$10$xTaETsul4darCJFPWLS.WONuwuy51q245EsIWBrZ5vb46k3rKqHAy	baylee.mathews
253	Pearl Woodard	260	3	f	employee	$2b$10$gd7b7iAe3MR4j1UHzctwXu8WuUCkuQtHU.lBpv1sj.5PO6UmRC6KO	pearl.woodard
255	Rosalyn Roy	260	3	f	employee	$2b$10$qkJ5.wg75C/QdI0U.o1bbeMcq98AWs1hvlUqnn8hDJ.Vvn7SHfsnm	rosalyn.roy
257	Esther Wang	260	3	f	employee	$2b$10$FK6wRJvfGcoahxNauZmAZuZVnR2JnuDQ15LBKtGziL3fSSvt4WsMW	esther.wang
259	Madeline Quintana	260	3	f	employee	$2b$10$hX61SMiIQdQiuSTGyBfpjuvE8eunx4WzS7ND87yswF.EPl.XYOrcC	madeline.quintana
261	Regina Castillo	265	3	f	employee	$2b$10$7uEpND0iNRU5a3QEo880JOHXjEVF2DDoxMut1GHZjAv9XNH.gH4CC	regina.castillo
262	Kai Brandt	265	3	f	employee	$2b$10$jjzdrJrCApiAwNcrXpXcWun5ftrHimQ37mXLwaVZKm1L1CNt3dA9G	kai.brandt
264	Miles Moreno	265	3	f	employee	$2b$10$2ggq5KtWZ.Q9Rbm581HvzOauiCeTUIp1bJbfJ.m0oYmlwoQ72DT3O	miles.moreno
266	Jamari Beil	284	3	f	employee	$2b$10$RSf52iFnyxhF2dGiH5Ggre61bXAPFoEFTvJhZyH9Mi2foCAvL65ke	jamari.beil
268	Quinton Colon	284	3	f	employee	$2b$10$R3x..gybQeZbZhcdiduQtuyqJPGqUP1cH5BdVSZo4J.vT65dLrM92	quinton.colon
270	Westin Vasquez	284	3	f	employee	$2b$10$e3avc45sxAX22zEi29YR1uDRpL4oB1qcV0.FKKofSdDUu4isI9mq6	westin.vasquez
272	Abdiel Huynh	284	3	f	employee	$2b$10$oY8oRLdvGQe5xaRDcUXWLedafH058x2hZn0fA3aTVnXghlELlhGVC	abdiel.huynh
273	Oaklee Xiong	284	3	f	employee	$2b$10$LHULV8gbqvBRIU7v4kOC4uHJmmWRHRtjhI0TeNF2V75E1yiyeBq16	oaklee.xiong
275	Katie Costa	284	3	f	employee	$2b$10$mxCTJevpnXUaEw0faer1ZeMbAvmBDsatr7.H8Yap9uYSRcosJsXX.	katie.costa
277	Juliana Poole	284	3	f	employee	$2b$10$oX9950cDv023khHWPL.Mcu1GQCeRMZGL/t3Q8r3U4.raECeHj9A6m	juliana.poole
279	Elisa Gonzales	284	3	f	employee	$2b$10$6TQpBaUEB5yd9II.bV0AN.8h050TyZYhGf9nLOy0j3sYLcTmkBNLm	elisa.gonzales
281	Julie Hardin	284	3	f	employee	$2b$10$ynFkCEsAzRJKBVtpQrNZQ.8ArjnBtIjhCoHHdrrGTblT2SROxvBCC	julie.hardin
282	Hassan Williams	284	3	f	employee	$2b$10$jJvIcL8dOrAX6dvpQUel0exSWY7Ve7Bauu7KbtcNTYuWcOUz8D5a2	hassan.williams
284	Harlan Pugh	391	3	f	manager	$2b$10$Fkdj9FeLvhMdo8e3LgZQF.Wctm2Miq6AwJKY3TYxHvMDvacqIF.Ea	harlan.pugh
286	Peter Vu	293	3	f	employee	$2b$10$m/v/.I7dib7PXTW/U1DBtueKVhT4QlpDLp1O9hWKIZHR9593rVc8u	peter.vu
288	Declan Keith	293	3	f	employee	$2b$10$J/QtBlV4J3zEZleQS7SC9.lq949XLx4oOAQui5hT5VE6qkmZWRq4G	declan.keith
290	Alijah Walls	293	3	f	employee	$2b$10$tv.BvSFJuGY2NyAv7rb4E.hp/VrujVkx2Fe0S8ysMwbiyeSxQDbCq	alijah.walls
292	Hendrix Phan	293	3	f	employee	$2b$10$AvUP3RRBlp/Fue6PKWdNzuVvWwjpV0Iao/YESegSAvySQDSgHe/O6	hendrix.phan
293	Elsa McIntosh	391	3	f	manager	$2b$10$nXScNGXb.vEAwvYeYztVsu1MtqTg4Qims588kOhHTLaqvkVrPiSxu	elsa.mcintosh
295	Katalina Pratt	296	3	f	employee	$2b$10$ONxtAaVJ10KDttvEDUlZgeDgVi2ALR10wKHRopRq3PYjrx.6BZkFu	katalina.pratt
297	Brittany Briggs	304	3	f	employee	$2b$10$QcV20.jX9PWyD48HrE9Lo.kTO8EHVpj/t6vctPZlNxQat/qgh8kJi	brittany.briggs
299	Mae Novak	304	3	f	employee	$2b$10$Lq39x9df3S.sNTIBnkb1c.LstLsar2JdGEir8xG2hZTSsHyR9lwSW	mae.novak
301	Grace Landry	304	3	f	employee	$2b$10$gCWsvYaTOIXTD8E.ZGAY6OEckMzDqzrfhgrzpDACPfIhd8I/mowcy	grace.landry
302	Jaxx Rich	304	3	f	employee	$2b$10$SOq/T2DLIKP0ii7VAc7pKu9Bk90xAcBpxnCN5bKRG9aFjhiPtjaAa	jaxx.rich
304	Alan Hensley	391	3	f	manager	$2b$10$gXOpoJvEwjCwrlzBVan3HeNwmf9IKr7T4Pk0EQYnmfDgoQdZx/AWS	alan.hensley
306	Judah Parsons	322	3	f	employee	$2b$10$/g4qFTefVU8I4qmvNx8OK.UFoqdj73TtEmHytlPdhx3AMz.1FyDBi	judah.parsons
308	Keaton Lin	322	3	f	employee	$2b$10$4Lc3ZeUJTRCrJO91R1HaR..qRmzUlEDr6G21Z92/.D4Aq1Sn0.7ES	keaton.lin
310	Shane Gonzalez	322	3	f	employee	$2b$10$QLdULAyeC..QdVW8gGSewutExg2L9gdetwDu5J6yOFOHuE0ft06He	shane.gonzalez
312	Sebastian Lane	322	3	f	employee	$2b$10$/NEEKAqVZobCo1VgadPm/.h3scE2l6OHWWN/z8gBjBilp9eANu1.6	sebastian.lane
313	Amy Holt	322	3	f	employee	$2b$10$Utjc2lvb5JubARbhn5czbe7tRhW8JkmIp1n0MinBInBIOEauZrmIC	amy.holt
315	Cecelia Payne	322	3	f	employee	$2b$10$mZsBjfw5N22rZU.UI4PeOernVUouEL6Fow4OQ5LfMEX1JyeRLYp52	cecelia.payne
317	Henley O’Donnell	322	3	f	employee	$2b$10$9A9vygYucksOOwxzmRikbedVKS8Ku1mcnE3x6LUh2USNUD1KWYMe.	henley.o’donnell
319	Brynlee Mora	322	3	f	employee	$2b$10$jKTmXeq5RTDr71n1URduN.UY3BEC1vquDU7G5R0yZGbiLW61LLy12	brynlee.mora
321	Ximena Esparza	322	3	f	employee	$2b$10$6s33PV.sP81rWMMj7eJLMemz8Sxc4hbvdSQAniEy8XAfP9Fa6bNei	ximena.esparza
323	Elianna Vance	327	3	f	employee	$2b$10$z6ynFprxKnPRIFF8zLbpA.PL3NdRCBu7MwJma0qYfFQMy2FGSNZji	elianna.vance
325	Kassidy Strickland	327	3	f	employee	$2b$10$hL/ZWRDHAxQAefVtVJHOlu0djiisrTNl1fM82IFP9LuGmx8eODHbS	kassidy.strickland
326	Keegan Lawrence	327	3	f	employee	$2b$10$s8380E7iYMIl/A4NwL.pg.UEfa/0tGuhMMn8CLUAEsuXqKnPC3dxK	keegan.lawrence
328	Angelo Cano	338	3	f	employee	$2b$10$7NQJAB7XsG0Qp9TAjzHG4.fZMLLs/of4XilHVpGTaaqnS2VCKBEPW	angelo.cano
330	Alijah Goodman	338	3	f	employee	$2b$10$Gg5WWN086z.4F3yZJ6kR6.6lzVywcWK/Dtkj/R2UEojZCwWKPSurC	alijah.goodman
332	Kylo McBride	338	3	f	employee	$2b$10$mHP2IPSLNJanxOGWxPCek./vcM5vppjydMLkkWH1Nzl/2MnK41f9u	kylo.mcbride
337	Martha Waller	338	3	f	employee	$2b$10$BSwB0kDACVbaqhgRXYNBm.oBMw0SpDxeMOMQZf7LGh/EFE5U6ZLiq	martha.waller
339	Bailey Maldonado	347	3	f	employee	$2b$10$uHddkjtrQl0W5mSJOy8G2err0Fbdey3GbYhgOXnrz7Fjh6DBbnCAG	bailey.maldonado
341	Alivia Curtis	347	3	f	employee	$2b$10$Zvo3XysLQqJVWE5OsjOsmeU/Lpa9LisZ5PaadHw6ApR2NAeWOp0he	alivia.curtis
343	Ellis Norris	347	3	f	employee	$2b$10$tGWoRTvx4Uc3maOfkBVWFe9UVUuZ1psc8NKTfSsQL/2ysSIAWq/TC	ellis.norris
344	Cairo Hess	347	3	f	employee	$2b$10$yOfaGwAtHJxv2gi/8tVP1OduiwcKST.br2uApD4UdGdqPJL.3MzZK	cairo.hess
346	Eduardo Vaughan	347	3	f	employee	$2b$10$V5HTPxPrqy1P4otDUtFmEOSjQxzW/AsAEEhDiwQrIfh/tjvNJOWk6	eduardo.vaughan
348	Ben Combs	352	3	f	employee	$2b$10$ZJFb9OxNNeAmCa/n1DtdXOhJnYkhf4XMYhWk6MMynvK9uBzsnlWjW	ben.combs
350	Lennon Woodward	352	3	f	employee	$2b$10$GFPB9dm9C8XtoF44fG8IHewWLxJcUfOL3ckyX/llsRCRPAfyO8cq.	lennon.woodward
352	Damari Erickson	391	3	f	manager	$2b$10$gAxRbE4rl/mgU7wYwPKLau3GjhA/Wg.J0A9xAt00dPD05rD6KkQX.	damari.erickson
354	Jaiden Cannon	371	3	f	employee	$2b$10$sAeA706THjdjj83BkP0/XO3uT420s6p9/mFvp5KjEhaj1IRRwD04q	jaiden.cannon
355	Noa Klein	371	3	f	employee	$2b$10$1jo27Jv8bTFo.bfkV3231uGtAIChHwV7RLrW5s.g4axjL95Wmtn/i	noa.klein
357	Ella McCann	371	3	f	employee	$2b$10$oBx3a/HX0ylToEglF3h8vulIr1C.hW.wKS1zW3OGsPxSJdCe1PMCi	ella.mccann
359	Ella Dyer	371	3	f	employee	$2b$10$mHtJREolo70zQ2Ljwdl2Beal2WeopoklVXtH5ofAhDHpd2zS/kxoe	ella.dyer
361	Quinn Mathews	371	3	f	employee	$2b$10$8VhMWnwXKrZv/RFxVUEjEOvLaWmOn/p4jJ4aXxYFKMArihoAi5DIy	quinn.mathews
363	Leighton Hughes	371	3	f	employee	$2b$10$sImPbcG.1Uy3f4rERhHlUun1k.R5onjrCsFRL7HZdhrEilOBZi5V2	leighton.hughes
365	Yaretzi Garza	371	3	f	employee	$2b$10$MNrYu4eNjIoyflssssYUoOQgq4JaUlEGPC3pOzlUqX9XEbxMvfSBq	yaretzi.garza
367	Barbara Donovan	371	3	f	employee	$2b$10$o4dlyMwIhFMRcIk5U1D2veNlW.FaHoesB0KNySBB5b0Dz9o1Ct6HG	barbara.donovan
368	Brayan Newman	371	3	f	employee	$2b$10$uSSVjwUcfPI6/s1e0w8pI.junkhct/2p6odXQlUyFoVxWFH66LZku	brayan.newman
370	Rex Nunez	371	3	f	employee	$2b$10$YZJUMDi/D8kJQRQ/IJPkY.CSbKhTsuh9m8S1hIB1pgVGunbJNuvY2	rex.nunez
372	Luis Gordon	380	3	f	employee	$2b$10$3z94r5TvujM0PG3Ed7FiO.jkWUNdUh2wtblVXvL.ohDSrbjyYNdc.	luis.gordon
374	Damari Reyes	380	3	f	employee	$2b$10$rxPqhJ5IOJ5KoLYZctD.9e5xCW.jw/JqGK58/dFFPc3UoNh.xJSn2	damari.reyes
376	Armani Roy	380	3	f	employee	$2b$10$x87VC2lq/A6K/90ZM1DPuO5CHLec9CDrtVWlsEKzDKz8PO172EFXC	armani.roy
378	Tyson Wong	380	3	f	employee	$2b$10$e.PLg1PC09n7D6FxLDPnKOTq4m77UFOEbp75YCFoC5YEjaFXV9l9G	tyson.wong
379	Adelaide Nielsen	380	3	f	employee	$2b$10$yV5c06wxC.lHBVc/8JADOuwLiKs8aZIwym4.kKnV6VWVvDQ0dN3Am	adelaide.nielsen
381	Annalise Fletcher	383	3	f	employee	$2b$10$ivyTAvASOH23MtVIqwiE9OWyCB0Wbn4PQzZv3AsijnX0xhSmCDq5S	annalise.fletcher
383	Myra Marks	391	3	f	manager	$2b$10$6J98LKpKj8W6aj4F/ZGs/eIV5BYSrBP6WS9U0nf9khmVtI0eIkGx6	myra.marks
385	Colette Lewis	391	3	f	employee	$2b$10$WKJhtjwkU8UqoJitU5WeCuYoPw0sQkA9EMqR3WmndOv0/fHXAXU3.	colette.lewis
387	Rivka Valencia	391	3	f	employee	$2b$10$78YTRkIME4oOD6oWHX4WmOYnYIqgo0k6IkZh1rgz/e5IZKzUaH0/2	rivka.valencia
389	Kaia Butler	391	3	f	employee	$2b$10$FRjQJKEqQec45baAW6xeTegAXbJCOX.C4aqUSRBZ0Yhtq6879h4zi	kaia.butler
391	Kayleigh Duke	988	3	f	manager	$2b$10$xDsCNTbKjU7d71b0LXKri.WHNtEGIcicS96nzS97oNunqQVxEriqG	kayleigh.duke
393	Addilyn Strickland	409	4	f	employee	$2b$10$P4X9KRMX/yyJfIv/QVN2i.lQ6u.wfd8.b6HmtO7wybxpV10sdDREe	addilyn.strickland
395	Berkley Christensen	409	4	f	employee	$2b$10$jeSXmVfYJFAyze69tpwEF.lH3LMkTcYUforlznRSx1bIHriK25Bim	berkley.christensen
396	Gregory Sanchez	409	4	f	employee	$2b$10$hiSnRJsvSDA7638VAbwlref36FcM4lVjdSGgAcDeD8xlFdbSM3NNC	gregory.sanchez
398	Quinton Cortez	409	4	f	employee	$2b$10$8P4lkgMzfcoNKQiVvWJLVutPhlMv1Wnea4oK24fpagGDYV20oHQT2	quinton.cortez
400	Jaime McIntosh	409	4	f	employee	$2b$10$Yw90wfqkr8/8PLL52MMN3e7u65WTDf1KFz7foaL2/VVxd1rHa.MT2	jaime.mcintosh
402	Finnegan Richardson	409	4	f	employee	$2b$10$prBd68a2su8W2OBAPtoRau6UjOEM3sR5L8/EBJyYh8NnhkKwWrRlq	finnegan.richardson
404	Zayd Bullock	409	4	f	employee	$2b$10$62vY.qHkx1X9CT0jTiXNOe7kfvFocrulycEg1j/IM2gg4R7.RXTq2	zayd.bullock
405	Winnie Salinas	409	4	f	employee	$2b$10$MxxpS2nZY.GniRZMTGqg5uM.xGFyBLQAp479zK5bCIQ7KDhCPGKca	winnie.salinas
407	Ainhoa Ross	409	4	f	employee	$2b$10$YMchUJ2TYrV.UHqwRGDW2.MIlcR1U2iMw9OTYdLyaXV/bdPS0AWv2	ainhoa.ross
409	Vienna House	712	4	f	manager	$2b$10$gwAKUzy7gdknY2VyY/SX5.026D6IvcXsv6ip49TMApk1hvpBfXJO.	vienna.house
411	Ainsley Rocha	416	4	f	employee	$2b$10$ZrbU6/hnZ9ZaC8gWGUR1bONJ3ZMbz3vduwU65vqHrdPpgCCuiuWNG	ainsley.rocha
413	Lilith Hensley	416	4	f	employee	$2b$10$TdScTeH6xhyzhaBBnU60BuU6TBIyIMYJA5g.nG1kPbqKQ.ALedQhy	lilith.hensley
415	Natasha Villarreal	416	4	f	employee	$2b$10$cIGvJT7ImvqNzOZ7qcM.cOREEUixLW9OA63Tp9cNcxoSYrxu9f46u	natasha.villarreal
416	Nikolai Mills	712	4	f	manager	$2b$10$RkmA2rB6t7fwoT3Xsf/MOOyeCxYTfaX7AJIwD0S7AsUE8ZZI6QHwu	nikolai.mills
418	Harry Stark	423	4	f	employee	$2b$10$.bcVory/hwjlOXn9VwOnaeImfUS7GFjEkbYHVCEcN0LXSXdvvbhfa	harry.stark
420	Roger Lucero	423	4	f	employee	$2b$10$CjZms0iH7E0YqJK9aN3eAeLAQUVrvox0nvTzmfMsw6iN0qsQiEAwe	roger.lucero
422	Kameron Lucas	423	4	f	employee	$2b$10$1g3.VlwvnkuQrKAakC0vRenI8CLSD7ZS991YNuX/tDpl7mdUQjQYm	kameron.lucas
424	Reid Holloway	430	4	f	employee	$2b$10$xK49XAFmNVJ28ma.bpKC4uAKKAkGPQWetGv4/GjdxIrHebUKS3X7W	reid.holloway
426	Idris Rivas	430	4	f	employee	$2b$10$stjEwkoNQV0s3UYCXCTfpuY0I8OtbMqsqA4LXrY7UjwyD4QSni97K	idris.rivas
428	Remington Santiago	430	4	f	employee	$2b$10$16pHby60aF6MMFa1E/Ux8eI/EKQHn.9SZK0xMQuyuW1.ylzTXsxA.	remington.santiago
430	Davian Harmon	712	4	f	manager	$2b$10$6oss0F4fIXPTG4h6UICeT.iM4Vnnr8gjbSU9A0SxFPXbjc6ObvFUK	davian.harmon
431	Maren Wood	441	4	f	employee	$2b$10$St3nTSFzvIkNiGjJsw/Eh..xg78ls7A46zCPXi31Zq9pJdUeNlVq.	maren.wood
436	Seth Elliott	441	4	f	employee	$2b$10$KB0Y27i3wAUjzdvZ04OGROj8.tqPQF8waC50j6.cQD/FQnC1xpsgS	seth.elliott
438	Raylan Carey	441	4	f	employee	$2b$10$8eX8LdKaAOTL38DTIanUKOR39UmrCXOq4VDh.pRBa6aASlwKiAXOa	raylan.carey
439	Alora Lamb	441	4	f	employee	$2b$10$fSNbdUzkwOWMMdbRI/.68u2z1.yB7gpe/YLj2gncnawYalDC9o6IS	alora.lamb
441	Anya Hurley	712	4	f	manager	$2b$10$n7/5babF4dBCBrJiFTiABeev7m8kFE3FQ3GvpmSOeXIABRVIcF/Vi	anya.hurley
443	Brooke Barr	450	4	f	employee	$2b$10$QF3jFPEkxz60ZQKLJw433eSDOH4.lp2jLk6vxCWlj7r7FTdP49ny6	brooke.barr
445	Maeve Stone	450	4	f	employee	$2b$10$qJAHRfVr8TeqDMzQ9.W7bOUwRThhGyCsfQXCXMB5S4rp4X1afJKje	maeve.stone
447	Coraline Duffy	450	4	f	employee	$2b$10$YYw3cIC/VeC1pkJ9HiVko.2xBdmzhgd6TkoBJD7GFzAKRtJ/nsaqC	coraline.duffy
449	Emmy Vance	450	4	f	employee	$2b$10$yk/dVGqfnMkaLo1jdUYCh.eS1SZMb58SarehvM9eNuqgSHeX7TSOe	emmy.vance
451	Meredith Sexton	455	4	f	employee	$2b$10$inlywaNRQ136GUWa75P.puM3bRdlYFA0lM7Gn3Ul4w7yuFYQb0W72	meredith.sexton
453	Haylee Randolph	455	4	f	employee	$2b$10$bdPXkUY412/LBOZbHi7Waumr/2JdI3TFc7VvEppW4cdLBigXGkzXO	haylee.randolph
455	Ari Camacho	712	4	f	manager	$2b$10$C8lyTHalaLv.3ishbAuitOZq8ZDKf043bBGHjEYTxVhdyc9NT4B2a	ari.camacho
456	Tatum Stokes	474	4	f	employee	$2b$10$vrVFPTQVk89YZDgvSpAVmuQewmzRzb/1zp/H7kqg4DVGU1Un3tr9G	tatum.stokes
458	Jacob Roberts	474	4	f	employee	$2b$10$Lui2GOovaOq3sSNwU1hRW.ZGCpap31dM7Rg2J8vpcduu.rEAqq3oe	jacob.roberts
460	Enoch Ruiz	474	4	f	employee	$2b$10$mm7Lo/V.8v1h9Qu1UyuHh.2dpCVlEqnK4exDw/O9Hu3ZJBPiRbj4W	enoch.ruiz
462	Danny Conway	474	4	f	employee	$2b$10$IWUlH/GOtFXEqzNO1LdtKONCdbwQJ9kDDtc.gOZBGNs/hiF3NHx8.	danny.conway
463	Ryann Le	474	4	f	employee	$2b$10$/EIiwqHc2KcB4WWUc7.dgu7/WAMjDXWf2vnJD8dr7MFB8caXcpdOy	ryann.le
465	Celia Vazquez	474	4	f	employee	$2b$10$BpH5K7UqrKDgQ4G/74cPduYKdEJ7xLSIcKrefSRAz7Z6YC3zCuF6C	celia.vazquez
467	Lila Harrington	474	4	f	employee	$2b$10$26c/V.DsTIMgKFHOMjd2xeYdGQFzg2XcuRfHiqJgXn0wp5oUokbPO	lila.harrington
469	Noelle Clay	474	4	f	employee	$2b$10$4FoIewfQ1mi7Fd2HeyNb0.E.r82Vgi//b6Lc/u.o4LSBFXDrwSmtC	noelle.clay
471	Egypt Jennings	474	4	f	employee	$2b$10$an2cUACadYMvU8JS.RXWYOzVimRYwcT3DlPwDrYqTc6MV/ceDDjSq	egypt.jennings
473	Victoria Sampson	474	4	f	employee	$2b$10$rqEm.M.LA.gUDQojE.IEYuitl1b2m8xD9MzQO1hUZK0.tJXbauhrS	victoria.sampson
475	Maisie Yates	483	4	f	employee	$2b$10$710tvXOeVJ8n7th/wR6jpOqCg01otzg58Cf2feuajq3ODHEImHgzK	maisie.yates
477	Oaklyn Black	483	4	f	employee	$2b$10$1j0yXNHndBLeavoeaeKxD.1NygZml86H7W9rm44tXJaIItHLyWV8y	oaklyn.black
478	Matteo Bernard	483	4	f	employee	$2b$10$typN5IR1CjxbxuQxdiDPCeqgLTvEwCx40/SgscPCiXs.ewws/6ulG	matteo.bernard
480	Korbyn Dickerson	483	4	f	employee	$2b$10$DotN2s3yNYEG8LBnVdHyD.6uMK9m.4/9iOKthqgyLBP8abdUgVt2W	korbyn.dickerson
482	Allen Wolfe	483	4	f	employee	$2b$10$Bb3PSVasOZGd3UYvvHDK7eezhdIYczfs.6cRXVlmsIbyAVLr/KZVK	allen.wolfe
484	Jayce Hunt	486	4	f	employee	$2b$10$hgmdQeHMjVQzF2xy4S.4SOeVQsfnDc8Grxe0ZMk.CnHAzLlOX.MXO	jayce.hunt
486	Gustavo Montgomery	712	4	f	manager	$2b$10$zkldqEysusvllAK9aBWHiermvlF0wjBccFYp191SdumEpcxKLOfpS	gustavo.montgomery
487	Evangeline Stein	494	4	f	employee	$2b$10$vJozzaRDVLH5QsDv2syRMuFrc4gR0Lh1JNBhepHbhiv4HITfIAv36	evangeline.stein
489	Zelda Schaefer	494	4	f	employee	$2b$10$7fAGVbGNZlOqeF8DuNnhi.34BAHODEVEpPgxqgahnOC4DKOlVLne6	zelda.schaefer
491	Remy Tapia	494	4	f	employee	$2b$10$Fuop4LXPGTtBRXHzucPeyuWxMsD/CGWpNPJoiWqlHe2SvJ815SpsG	remy.tapia
493	April Anderson	494	4	f	employee	$2b$10$sXt4gmyK9Vpg1xlw.Vwc1OFB60ctww/n2bqBXTiO9flre73dT.FH6	april.anderson
495	Scout Randolph	501	4	f	employee	$2b$10$PtD9aYV/qrA2qqqy4Cdj7.TIuS0I5CuxT5d4M09hQZWeJU1vamGkG	scout.randolph
497	Julianna Rios	501	4	f	employee	$2b$10$NmkQaW/YnRe9LITAJlzKveBVpuauhLxgY0qodNJHq4xpLKKwcukIC	julianna.rios
499	Laura Garner	501	4	f	employee	$2b$10$Uu2IYn4VVM151x.JJMT7E.iuBqHN/v/pp6gtE1YvGIbJDb1sybbXq	laura.garner
500	Sage Ho	501	4	f	employee	$2b$10$vUja62I2UE5FTFg3HfoOsu6JHBWhOyXoO7rdinSBER0WmUpbdAPme	sage.ho
502	Devon Hayes	507	4	f	employee	$2b$10$FcnZFVKjRxSOVhNQLjwxJOrf9NOs79KBoZZkXzUJNMd.9AvyZiQ9y	devon.hayes
504	Adonis Orozco	507	4	f	employee	$2b$10$y/Vuf/H0WncEbwsgog04geB9MUt6tfMBSeSa42TKAGe3pLD.2Rqma	adonis.orozco
506	Elisha Khan	507	4	f	employee	$2b$10$w1Jdjz3AU3T99ZD3t8AwT.e8yodMxFCE.182bn0XqtKjKTar7Pwre	elisha.khan
508	Nathaniel Faulkner	514	4	f	employee	$2b$10$TJeGFfkGdkh9XCIvn6LLwuJyOyOppWrAK8w7L79nm2b1hTW/PGJu6	nathaniel.faulkner
510	Samson Hubbard	514	4	f	employee	$2b$10$LIRwZoBJSpQb24TSMsAaq.lQq2tLj2wmriSr9CbWHtT8ShcittYaS	samson.hubbard
511	Rosie Reyes	514	4	f	employee	$2b$10$LVEG6mxMYBsqR6idb2wiZOg5o/X.NdkXlzPJVVbj.0FXRJBGcPmDC	rosie.reyes
513	Arianna Hill	514	4	f	employee	$2b$10$E.FYF2cwW1YIpys49DO6GerCku16oO3JQMTUQsi8rNS7Coghb9cZ.	arianna.hill
515	Macie Nava	521	4	f	employee	$2b$10$uKFOIY4JL/SJ9Ye/vSrmjemCBwD75ZN73oOcB/dh36SHkqsJrkeAS	macie.nava
517	Emmaline Harrell	521	4	f	employee	$2b$10$/jug96sTKWyJ3oQWBxLeHuGLVXEtKp3qK399ClE3XmmCBV9R.Lxvq	emmaline.harrell
519	Addilynn Greene	521	4	f	employee	$2b$10$f039p5vL.q.khIcermSmb.HX2nohCqG4kcP0HXiyEEoNkbuQTKrcm	addilynn.greene
521	Addyson Pennington	712	4	f	manager	$2b$10$0A9oVLjOtAavoProzZinlexuzMhBGOUrNut5lghbwiAkYVfDCH.nu	addyson.pennington
522	Bobby Peterson	532	4	f	employee	$2b$10$d53YHJIsMIGX4.OlvxDhxuBCTIy1enKE9h8kG2jF51zg53X6/uF.a	bobby.peterson
524	Barrett Burnett	532	4	f	employee	$2b$10$GrTiyS0FM1FibW/thd.NU.Iaaikzum9oayWfQNm9E1cL4p/rXQFQW	barrett.burnett
526	Jefferson Vance	532	4	f	employee	$2b$10$8hDQzhP/jtWmsuLQoRLiRuKse5o8CqoNiO5zy32vot5.G1sdsf8fi	jefferson.vance
528	Alec Golden	532	4	f	employee	$2b$10$3d04o9rjVCzymy5Pu4n8OOhJht5RIp2yD8trAV4CuABF.wxuAIz66	alec.golden
530	Odin McDowell	532	4	f	employee	$2b$10$PfE.w6bqr1bqB8GcWP5I4ucTvJsrKVh5ooTpNx7rOvnSkyP9Qh5Lm	odin.mcdowell
534	Noe Reynolds	541	4	f	employee	$2b$10$/1AhIzZwITmVdyBUj0dQZed/hj8XSmUNTEh2ABc8Ea2Z0BWfqznRm	noe.reynolds
536	Ford Schaefer	541	4	f	employee	$2b$10$ukdvRTidv08bmaLyMq7o0eCCF1zcUDL4UDG/dyxn5ljxC8jzZ5/Ae	ford.schaefer
538	Arian Spencer	541	4	f	employee	$2b$10$EJiLAElM.ZN6lbjrKrKJVekDqqVDqjI3zLc3BtzXm0NYCI622wNqu	arian.spencer
540	Kody Mills	541	4	f	employee	$2b$10$iZ6HM4SvmcJwNbcu77U2WOyGQR//nAWh8E/flp2aIhbcYfKVEeCki	kody.mills
542	Orlando Hester	546	4	f	employee	$2b$10$Q8SFnSIYxVYE0ul3wfgwPOejRkxE8b567FDCidKeKVm7EyWQ9vt1C	orlando.hester
544	Kyree Weber	546	4	f	employee	$2b$10$cvOOXsp8eTYxnh..MY5U4OKVSkLuRMSLeCtPCYT3cvAehv/szUvDy	kyree.weber
546	Greyson Mathis	712	4	f	manager	$2b$10$fylwApN1qfcBUkDlXvhkruLVjRPFnWY9aXHYK/n/O2HI9ZHV/DtXe	greyson.mathis
547	Anne Gallegos	565	4	f	employee	$2b$10$BaM7iVqevzzdgNnKamIyqu/a7/h52sL8Beue9vARMv/mZAiaQjAbu	anne.gallegos
549	Makenzie Nash	565	4	f	employee	$2b$10$y7PIjxesV0ExxwaGukg7dOHhwZeUvpnA9cFXIBlBMtTeUsxvkPaeW	makenzie.nash
551	Royalty Lim	565	4	f	employee	$2b$10$kDixU04FygD.Kctd39AvreNhryu.12xWE.zvO1E0mbqrpsJhOjOUW	royalty.lim
553	Celine Calhoun	565	4	f	employee	$2b$10$Z90XL4gxDuuMjYrwV7rvLe4y8lpey5iZUcp9ndOJza3j5m3XSXBtu	celine.calhoun
555	Eileen Clark	565	4	f	employee	$2b$10$hfDf5WZC64QYlILY7zMSvuQU4IsjEFzo2trteZJ9WToWcm7JXNpxe	eileen.clark
556	John Palmer	565	4	f	employee	$2b$10$xNL8Btpmszhv7tONjnUTV.YBBr5Y3ZWHfb/.a2KT.Cn/yeEMUCe1G	john.palmer
558	Branson Lu	565	4	f	employee	$2b$10$Sd4tCfNeCkdaBzsugLLge.CEpqqX45HfchpcIxm94nC1rVAhQSWmO	branson.lu
560	Jovanni Ferguson	565	4	f	employee	$2b$10$nYjMJaWzlDy/Sry/idsYouCnXEHr55.CuZSe2b8jHKeJEOltLDTpG	jovanni.ferguson
562	Jaxx Webster	565	4	f	employee	$2b$10$TjrFKnAYk4x5Z1aKsCoHvuWxoUVNiwps6KLlZ2ILCQkKxzS4Pv.VC	jaxx.webster
564	Jon Garcia	565	4	f	employee	$2b$10$SRZDsP229tNNHOUBra7vkONsVDOD0BOgTILUCJwR2PZKimV77LwxS	jon.garcia
565	Amelia Coffey	712	4	f	manager	$2b$10$yI/4rq0.Ppc4FUm6kZZXZOBcScn2W/jUm7DlQstDptVVpLtlJg0x6	amelia.coffey
567	Lily Callahan	574	4	f	employee	$2b$10$qNdyP1cTctjMim4GoUuGIuf57BHm5I9H4nfUpenIooDqyHmqs4I8W	lily.callahan
569	Madison Marquez	574	4	f	employee	$2b$10$qw.MEHYSnHLJYwAvR1PuvOMTSe5SuuAI2qlRl4LNY1nTDnF6fMAnm	madison.marquez
571	Samara Rios	574	4	f	employee	$2b$10$OX1RHCa8lNyLiALoyuvjwuzP5eTMI3JInWW5zDRLjLplRjyjUGPBy	samara.rios
573	Leanna Garner	574	4	f	employee	$2b$10$shdEef4bv4pFrnbx7FYQ9u8KRG6vhGApaHRNs9RIIlhjo5Luk.rpi	leanna.garner
575	Marianna Phillips	577	4	f	employee	$2b$10$PG0O2X.xetwkJhyfsdTRc.cBbYEQdnz0KnEGvoBTovnFYY7WonHBS	marianna.phillips
577	Alaia Carey	712	4	f	manager	$2b$10$H1mA.KszEkvBW.7DoGxiNuP9upXLsQ/oft1MK7BnR2Dp6UoR13yOK	alaia.carey
579	Catherine Bauer	585	4	f	employee	$2b$10$pwWdrbk8E/ZVORr/Zvowte9ktYCDHAyqhhlnoSLu2KfIFQoBVk2Xy	catherine.bauer
580	Kieran Cunningham	585	4	f	employee	$2b$10$Z8rvrrRDGnC7NJsSBZdAs.SHEAMwdb0VoYdQOcxTUPOuR7rl5SlKy	kieran.cunningham
582	Travis Richards	585	4	f	employee	$2b$10$UbWuFB/PLM.0aqsBwnLYx.uAnUXHd3KLja5IgfP/aZS8O3XHxXXQy	travis.richards
584	Bruce Li	585	4	f	employee	$2b$10$p7xqbtC606JFKIBl/kPwSOTX65.M2MbZ6LzvQllXa7oJzLY0qSYj2	bruce.li
586	Avery Weaver	603	4	f	employee	$2b$10$teiO3NoqY6Wo1zBUSRIR8.kwtTNi6XZrICRmwfAjip1xZ.Ig2D5ya	avery.weaver
587	Teagan Rosas	603	4	f	employee	$2b$10$svF3A203jNCuacqbpetETe3tIBkZBmflPZSyxZGkhA1NQCg5zFxlq	teagan.rosas
589	Nathalie Stanley	603	4	f	employee	$2b$10$qZA61G0h/eSKfUOaEOv1YOWf5PrfgldhtO81cwJzjfQDUWnEXKhi6	nathalie.stanley
591	Noemi Peterson	603	4	f	employee	$2b$10$9Px24E19Kj0edKcK3oS5AuClL4KEHKAmkBj//aeG9hcwsqCg/lIgq	noemi.peterson
593	Reagan Pena	603	4	f	employee	$2b$10$GmqYGeMUJkFTNRyavqgyGO.ekNR0YGExnKoPfNYpRr92pRZiSl5d6	reagan.pena
595	Zendaya Sutton	603	4	f	employee	$2b$10$.EIoMzRTH86565VOS8NalOVW/jK77v5dhYgGu4hOh9FFxO/Dhhfji	zendaya.sutton
596	Warren Calderon	603	4	f	employee	$2b$10$b5I0er9dsIjJZLujcgoppuci1VcPvsDGLezPD9b1zKJtu.oIcdH5a	warren.calderon
598	Brennan Sanders	603	4	f	employee	$2b$10$fdvy64MxYJN5ZxDh60T53e2COIvQNUTvaLQg4ggkce7FA.9pulZE6	brennan.sanders
600	Judson Gentry	603	4	f	employee	$2b$10$xxZbdTfQ6whN/S6hMg74Te4MjcThNCZ2W/x2Ik85QceOZ6cjgiSgy	judson.gentry
602	Rhys Bentley	603	4	f	employee	$2b$10$AZ7ztcWUc.tnS9P0D7gfM.UXlgDDIrU8zcJ.U32yrzhV/sb3A8eOy	rhys.bentley
604	Charlie McBride	610	4	f	employee	$2b$10$KvOiB0EGC5OUsY8yy6jI5uPGdaylXipRbrQTtK06/RT/3Ra6pRs2S	charlie.mcbride
606	Harris Long	610	4	f	employee	$2b$10$sK1OWj0S/styk8KVLh39Ye8wb4uAzsGkrcJqJm1.baew6lQ3LV/tS	harris.long
607	Jade Nolan	610	4	f	employee	$2b$10$fVzT4RRH76y0jXZ0nn7YH.5DX6pLf2smSn8/yMOTC7rrzU/XDIg8G	jade.nolan
609	Ariyah Christensen	610	4	f	employee	$2b$10$OJxA9uTKhtwMc7ynx4ppyOgxZpyIJmsQF/q5SJCLmQmnDWUS5gusu	ariyah.christensen
611	Annalise Leon	616	4	f	employee	$2b$10$yzwdZ9lo6WEaUklMZc/wKurO7oMj6T1cJlr3hqeq.mD0UuxxXmHre	annalise.leon
613	Charli Delarosa	616	4	f	employee	$2b$10$Tw4k5SPPPYqCYJDv8e7QE.ffg94NXmu5fXFWbRIbE/gmWFwpz1yHq	charli.delarosa
615	Piper Harvey	616	4	f	employee	$2b$10$yf/rwO74.REjC10oEuack.xleChp0zdXKaaPje01Puy3R9BhCYhKK	piper.harvey
616	Cayden Bravo	712	4	f	manager	$2b$10$hByH0IFvOJ/hBoVBv7IvSOcGFf7EblgPkgfW/rMp4eXJ8VtdJ33GW	cayden.bravo
618	Skyler Kelley	623	4	f	employee	$2b$10$dYs2I06/Ui4vqWYSxCdRFuNaK/o4MTCHrU6OxvalZuvLp7yilJRcu	skyler.kelley
620	Lucca Hamilton	623	4	f	employee	$2b$10$6N.tCUhObPaSL8F2416/Y.xl8o2MPKGR1.57LWzeSAoiIS3Kk96q2	lucca.hamilton
622	Jones Calderon	623	4	f	employee	$2b$10$1e1.i13xunEFmjDCf2zcZuzAVpe8VsBb6.hP5p30MNOQanMOfQQhS	jones.calderon
623	Serena Owen	712	4	f	manager	$2b$10$GqYHEnBd.aP7EaAPBSnuEugETNjzWbkXaF96mIEPRXxh.lrBgPQTS	serena.owen
625	Reagan Evans	630	4	f	employee	$2b$10$dIGZqz6RZx0HSvFFWeWxP.1xkI7.vV.b7eGiZ.026kizz5xE5tFS.	reagan.evans
627	Mara Ventura	630	4	f	employee	$2b$10$2jHBZrgx55OPL./KDt5O2uPh8R4NKkCY.8i/bTFJ3Kx.qMO.Me8iS	mara.ventura
630	Atreus Brady	712	4	f	manager	$2b$10$Mp63pGnWKNVxdEROT.70FuXPoTFs2xSisCnhRWGOaq5Mg0LIJ5MBy	atreus.brady
632	Jaxon Roach	641	4	f	employee	$2b$10$Ughbr1wKsazS8I2eqtCTFe/0CIbG8VpVuvKO5H67GwNRLpm6mchH6	jaxon.roach
634	Leland Andrade	641	4	f	employee	$2b$10$AMXtotXyP3kHYUjqJZ6VnuzSftkKte4y013.qY6yWpC3xgY5M0bMa	leland.andrade
635	Emmy Farley	641	4	f	employee	$2b$10$DOZ7fn/aihQ6lgRhXN3u/OPAMkbVTg6jx7TTdSQ23ugvf6L1nkD8S	emmy.farley
637	Vivian Duffy	641	4	f	employee	$2b$10$BNGllPDPyZVO0c4Ewvpx1e8KKeG3r3KAhwXk1xiYCWHyXfzH2hA4u	vivian.duffy
639	Chana Bauer	641	4	f	employee	$2b$10$.16LWGtVcgJ1Niulj8sZEeccniVF91FGSCqrislt4BkhouwZLG5.m	chana.bauer
641	Yaretzi Phillips	712	4	f	manager	$2b$10$zfm5uZyuWV0dfvQ5utrBXuXcd1Ez58CnxKMTMOl1wYziaoaaq5SEa	yaretzi.phillips
643	Alondra Ward	650	4	f	employee	$2b$10$Q4mq7XELoxZQS3MteFJmFucWS1DZ1/Ai3tk6kaC78ve69IgDC.caq	alondra.ward
644	Jameson Phelps	650	4	f	employee	$2b$10$U7izKhgm6YHPwInPCaJ6BerbTUOc3cstrCtZLRMeEKOkmAlZkxPZe	jameson.phelps
646	Blaine Ponce	650	4	f	employee	$2b$10$D5m292sNqoDNY4q8jAQPEeiea3Dl9Nu1eYv25FH2WltEog8pspopO	blaine.ponce
648	Waylon McCullough	650	4	f	employee	$2b$10$9zJVtbHrLES34frE6AZT0uguxUixD16bh9cuUMjA/c4grcyUm/VOi	waylon.mccullough
650	Conner Crosby	712	4	f	manager	$2b$10$gQ3xy0kcAHuTg/it9Ztxp.eH4ESKzy4NkcIzdGmPdWQkaBg3GqbUG	conner.crosby
652	Jakari Anderson	655	4	f	employee	$2b$10$/s7BJy7uSYPHc/nTdkOLpOhIQzSp1RWZG0EjkRKSoXCg.2qpJcDEq	jakari.anderson
654	Willie Barker	655	4	f	employee	$2b$10$5NKuKEFGSJA5tEJspUyPeOiZInhmG3Uy9CfP67w3g7zjqGA3oAMom	willie.barker
656	Jacob Brennan	674	4	f	employee	$2b$10$7XtEDdHp48nJ/rUaI0F9meyi/9UXQDGrP07nxJwXfQtHD8xsLLrDS	jacob.brennan
657	Elodie Valdez	674	4	f	employee	$2b$10$j3Aesg5sN/oHV8D7CjUZ.uYMPC3mZx1qtjkd0A63rXkzyE2K67EAW	elodie.valdez
659	Emma Xiong	674	4	f	employee	$2b$10$V0lHAX.6SJjQXNRbcqHmIulZYTG5ZJbAn.IcZDIL3Kyv7Ph59RaIi	emma.xiong
661	Luella Freeman	674	4	f	employee	$2b$10$cu0YZRKU8wvU/6P0Lr8hzuHwhN6RnNJCj6PRws28Fv2JQ9d7sYvHi	luella.freeman
663	Valerie Rasmussen	674	4	f	employee	$2b$10$UJVFY5gQHeYOuOCvhpk3/uIFTY5YT3f8IKI7K.iDpQGQH8ohpzytW	valerie.rasmussen
665	Xiomara Raymond	674	4	f	employee	$2b$10$IbeK6yCPcrc3XYXbfygS5uV9TyLX.7CSSYeisrfjeg/26af5LH0Zq	xiomara.raymond
667	Jaylah Cantu	674	4	f	employee	$2b$10$7rSSPX/.C.cnEuJKcVX.JuX.xUTmzTLgw4MN.nnB0BTt5eq7beUla	jaylah.cantu
668	Anakin Padilla	674	4	f	employee	$2b$10$0Nlm3XnJ5Jmw1GEen9veY.SjQKhFXRzvVPGWjORB8RmNMMcUsrs/S	anakin.padilla
670	Kelvin Sharp	674	4	f	employee	$2b$10$aw8o/HjVUvqr2iX/j.xxkOBVeH9Z3KGu6BEPT24QU/QjdmdVcLTge	kelvin.sharp
672	Malik Hogan	674	4	f	employee	$2b$10$yXNNOohw3qxVISRgf.5b/utTketJOaHhTLxv6q/39D0hcxSoPEZ3G	malik.hogan
674	Gregory Maddox	712	4	f	manager	$2b$10$RFaJ5bzQb2.fzhLSVWNtV.3VhabZjWzqW.c4.Fa5l7oj250LNb5fS	gregory.maddox
676	Griffin Melton	683	4	f	employee	$2b$10$PHLSBdHRpjaufLb3ethk1uorETwrZlEe7WtVBYioy3Izt0vVtq2gi	griffin.melton
678	Elian Glover	683	4	f	employee	$2b$10$MNwSGPfkTRwXUsDbfXYGXeQrc2CG.12IoyGvVXs0BBRkx..UYgjo.	elian.glover
679	Alessia Hood	683	4	f	employee	$2b$10$EAMHzus.BTPXeB3uCmal.OI117YPorkOBnohJvmDaWYsq0gYIFbVS	alessia.hood
681	Amiyah Cantrell	683	4	f	employee	$2b$10$Peu9KUbm3coUxOAQx5eNV.igZt3Bt7KOpzFFbSwmd6XE99qOsTXbW	amiyah.cantrell
683	Millie Lozano	712	4	f	manager	$2b$10$HYFcKFR1MrD49PSbrj7EzefVbWRgCEVLyKY6ept7ST4lPsxbXcPva	millie.lozano
684	Boone Yu	686	4	f	employee	$2b$10$Ld.5Ajf8Xsy79v44hwOklOsiaF8vXEZIi2R45sexPuZgyO..4Obd6	boone.yu
686	Chandler Jackson	712	4	f	manager	$2b$10$WaNESu1BJTi3drjfD4LHUO.fkU9ARytEDE.ZwSBGN9fc6UKPldysK	chandler.jackson
688	Weston Payne	694	4	f	employee	$2b$10$uks/zLVXAIsGlEEPtD9t1udh1rzo9yYcy2W1zgIYUzLE3QFKi9q.6	weston.payne
690	Colin Mosley	694	4	f	employee	$2b$10$dhNdO4MRaiMCYKlp42fd4.7ZOSqSCuV0fac7.3gORz4gapUJdwGFC	colin.mosley
692	Cohen Sierra	694	4	f	employee	$2b$10$qe1xAo/Z3QFJHa9MrcdCCef4BQFG7iPHsrWeSn/rU6U0WWpYw9IV2	cohen.sierra
694	Kye Giles	712	4	f	manager	$2b$10$E3/G8QZVLamdM6f142IeSu2VbivFEFawupmuF5.96qG.mG0y19myq	kye.giles
695	Bailee Conner	712	4	f	employee	$2b$10$MupUPoGSs.Q5w6XJsHLGcOeT5fYkHDq322mqgrp6tlT8X1K6jylEK	bailee.conner
697	Raven Vu	712	4	f	employee	$2b$10$TRG4OnRjN9lgoigy4UujBOWd9dOtOF38619yrMJkcvNx2I8Gl4cRa	raven.vu
699	Lilian Boone	712	4	f	employee	$2b$10$KmuBrFswA/YggOhJGwscg.F2Eg.Fjbg5OU3sUykPIioAmScwAIqfe	lilian.boone
700	Mauricio Wilkinson	712	4	f	employee	$2b$10$a.n4yrpJ5QFF9alH2493rON0nFtEtdrCKaku.WO/x.9HhDHMJVNtS	mauricio.wilkinson
702	Adonis Pope	712	4	f	employee	$2b$10$SlFn525dM.5/ZMh5edej1eA2zEIRsa.Ia77KLRG53b.LxFk3pCN2i	adonis.pope
704	Damon Keith	712	4	f	employee	$2b$10$8zA01QMnG0tLnXN/kri7FOh31dTCBbGZWwYWoIBfSW5PJxJzxFhGi	damon.keith
706	Nicolas Aguirre	712	4	f	employee	$2b$10$WKacxbBWrkiyDaaS20FsuOlWDT/oo58RxQuEm4GFQkpdKXb8Yssoq	nicolas.aguirre
708	Isaac Kaur	712	4	f	employee	$2b$10$wottT0Fs1.LObiOAUKbTh.x2HyugyNSRaviolOMPw0maROKu2Lgs.	isaac.kaur
710	Rory Raymond	712	4	f	employee	$2b$10$5..5A.V2qaxcsm.rUQOOB.2nWuREgTxEuIPRV2cx5eVc3dD7dImX2	rory.raymond
711	Hadlee Love	712	4	f	employee	$2b$10$Asz4/EZd.LyA3RRfH6BlL.nBHhOnf.HRR5PbxxxABglIbu1QAU1CO	hadlee.love
713	Tatum Boyle	719	5	f	employee	$2b$10$rGIf5REmPK2o/UjEdO6UuefPiznoxIwJDnWdFETKtIhhJTVIJi1Ei	tatum.boyle
715	Romina Velasquez	719	5	f	employee	$2b$10$sTwhBJuEDKtdaJwbszhPpeBTt/fphgowCbCT.pcQqjpOHV.bhhqVu	romina.velasquez
717	Nancy Holland	719	5	f	employee	$2b$10$klELwNBWtc.wn3nyxTREq.BHwDwvqI3EcHBQqUYl7Lzy9wy4Egoey	nancy.holland
719	Sadie Ward	934	5	f	manager	$2b$10$iKrCK0TEHXI1Fzya8vDZJ.8o3hkTfw/eHWAjdFbLvhrTG2s5Pa3OK	sadie.ward
721	Whitney Hester	726	5	f	employee	$2b$10$w1spjAL5umHE0xk40klwPu5IKPKCFOp64/hpBaevFTgiRkzV2/Jha	whitney.hester
722	Rene Sullivan	726	5	f	employee	$2b$10$1zU2a/BWtpH067JR.EVg3.nmDw/RquGRS7rO6hpoCXxSjrbOlLdli	rene.sullivan
724	Paxton Santiago	726	5	f	employee	$2b$10$meS0vU1uXh294h9XlrG/1eVKiUf.7aOOmySv7mRuJLqxZlOwRTLeS	paxton.santiago
824	Arjun Quintero	831	5	f	employee	$2b$10$5LMNoEcmBIPQo1Ir4Ou3DOZSnHQ/YW38o/8iOymnY7luiuxwV2Pzu	arjun.quintero
40	Leandro Branch	110	1	f	manager	$2b$10$bgn3VsUZ1gmDkuCU0ySvROF3jwuk3SR2rgIeY5OQ7ipkXMamo0sXy	leandro.branch
43	Margaret Dunlap	48	1	f	employee	$2b$10$kWLQ/sC4CR73E7qT3D33Y.f98yGqAuq/IiRwfotyGW1Tw7WuHDCRm	margaret.dunlap
45	Melissa Buckley	48	1	f	employee	$2b$10$SR8p6.DzUvaSHMsLGZcRcOFPfxoBEj1IH1LAitpxUX6u3ngIdi9vy	melissa.buckley
47	Harleigh Gould	48	1	f	employee	$2b$10$SfZ3fZvZJ3OtCXsr75NBje2IEDFUt3ULyZsaC8nosG37URIvpByoq	harleigh.gould
49	Lexie Barron	53	1	f	employee	$2b$10$177DdXSoxNxkxOsCsgRMOuS4.MkpdmWj0LywXYC6/mvRyhprDwWS.	lexie.barron
51	Hannah Livingston	53	1	f	employee	$2b$10$ptEvOMMUQswjxNHOS0hRpe.YFe5qU4nDoJrqCA6zXnd8BAF/SoXq6	hannah.livingston
54	Joe Arnold	72	1	f	employee	$2b$10$nCUyC3npP7pGndfoEo/0aOqDE/ehZ8j6rt44cKDAqdYXaP28jLs8q	joe.arnold
56	Frederick James	72	1	f	employee	$2b$10$xWprsAzJH29tB0rAp59dWeSkZ8SXXHKwB3EhHNL2vhMAf6Oq/hoeK	frederick.james
58	Archer Green	72	1	f	employee	$2b$10$LYS19kowEEhJSCVO/wC7aukOKZteXdTW9nmlckE4x8h5dJ3ChcMdW	archer.green
60	Peter Armstrong	72	1	f	employee	$2b$10$NVIGk9vCJ0pMHf9J3t3CdeNQAWfXKxUbsJ0RxbxE9Haz22fcynCVy	peter.armstrong
63	Isla Rodgers	72	1	f	employee	$2b$10$O7V9VPpopAm3mr9tas1T6ukz/KqNnejAzSC.B1Hia.b5yUIRoTH7i	isla.rodgers
65	Vera Keith	72	1	f	employee	$2b$10$YmdSJeGjvshBsgw09I0oEeUaHlN3ouIma8JAEqYOvQm6K.gK0k2de	vera.keith
67	Selah Payne	72	1	f	employee	$2b$10$4/Rv/jprCVn2i2w00fMwluD0lUuhvVSewxbgtseS1VTvMNzz60JvS	selah.payne
69	Maeve Melendez	72	1	f	employee	$2b$10$3Q1FEzjJTawfA0ytLv.MH.ijj8eQEnguXPAMVJdCutaBKbuNSpOhm	maeve.melendez
71	Alaya Pope	72	1	f	employee	$2b$10$HlxuGElj/81W4b0xm897D.TzOUdTima7DDtWfYhSoDnYqTRHeMPlm	alaya.pope
72	Gunnar Maddox	110	1	f	manager	$2b$10$BSeaKcqtsAboB8lobrjKKeZMBC3S5uOfF2eOEgYU5LwTMvi9EwgRy	gunnar.maddox
4	Beckham Hubbard	8	1	f	employee	$2b$10$.dfhIWviH1auMfpD3Uvx2uPJQ/sQDRWRJUU8MwqTqtx6yWIuAiMJa	beckham.hubbard
6	Jace Delgado	8	1	f	employee	$2b$10$7SPh2ULF3Zjn98q1ESaC4uYm31d81osnoZxD8grrMmNYZxRD3o8AC	jace.delgado
8	Brantley Whitney	40	1	f	manager	$2b$10$Ui7HnKZTdry8xf4EA/YktesvlrGfl5sslogdwLeLccKGBcyf3f8G.	brantley.whitney
9	Madalynn Dunn	14	1	f	employee	$2b$10$xpZZ4VXup1euQJ5inlyuweV9T1BKaAnSw2Vr.lhxQP8dhm7a8z8UG	madalynn.dunn
11	Juliette Mueller	14	1	f	employee	$2b$10$F9IcI67NwUcWI3b7B20yY.EP8sori8z17zNpQvLR9f05rTgiSJQ1W	juliette.mueller
13	Miley Cline	14	1	f	employee	$2b$10$/NG4tM2PixkVTEva3w2mpuxedafTS4O/4fWtwESScw8m6UJj1US/i	miley.cline
15	Everly Barton	21	1	f	employee	$2b$10$PBQ89fVkdEoQQU0LRZQb/uBPY53kUoKgbb2NkF6AQitvpCnWV.Fga	everly.barton
17	Ashley McCullough	21	1	f	employee	$2b$10$PfG90CMCnc1LsaTsgxPcKO/P9zk1BlRVuduCr.cKZ0DUGhL.X0QWq	ashley.mccullough
18	Briar Bruce	21	1	f	employee	$2b$10$C8Py1nWmP.ERhN.xuvnyWOkyaO0Z6V7.ksWj353zN49ysBp1FZEQ6	briar.bruce
20	Jair Huynh	21	1	f	employee	$2b$10$BNih1cJ.JlOAK//b2yjBbOFXZyiKaNed4pONQLqL8BDhnxTNUb5ta	jair.huynh
22	Ira Whitehead	28	1	f	employee	$2b$10$c/kWKFhDfOx6Sd1ZdYY07upo.Dd0PJZ.ffTfIIwTxJuEu0f6C98UK	ira.whitehead
24	Zyair Nichols	28	1	f	employee	$2b$10$BeL4dPFTLO80oP2/E6Ixh.skCD8VNXpLLxYvEZF8ta9Bse0wMazzW	zyair.nichols
26	Everest Lewis	28	1	f	employee	$2b$10$rgR.xHPpMCH2QbedWF8q6eU8fASptjawxsTYO4Dp1Tc3BWBvQu7X.	everest.lewis
28	Brayden Andrews	40	1	f	manager	$2b$10$Gz5qabZqA5pk.9Qr3tRecObrura8Yk5xFSj7hRmKdO1cSGGYd.feq	brayden.andrews
30	Emmanuel Bernal	39	1	f	employee	$2b$10$OjgOeepHBveOY7sf/s5SDOuuedKb6Lh4VUdQt1bOIBR28nCAmIM4W	emmanuel.bernal
32	Leandro Sandoval	39	1	f	employee	$2b$10$wfTUjEDnjK6/.x1a9v9snup80JODeeG.TtgtNhb/CTwNg0FkDTBBq	leandro.sandoval
33	Elsie Pittman	39	1	f	employee	$2b$10$pKryNFC2zoy45c60qHaO6.oykO2gnRqaMVAqNma6x9DeQGiN6ARU6	elsie.pittman
35	Kelly Spencer	39	1	f	employee	$2b$10$gkiXPuDUdPKBKvwJhZT2bONSi6hlZrnvzmxzsnIrDljPE//T9ULxe	kelly.spencer
37	Violeta Peralta	39	1	f	employee	$2b$10$MkkdBoJUQxq9IAKYZJtnouCEUICzD/2ABWkPRXb3nfpQNgedLp5aO	violeta.peralta
74	Caleb Melton	81	1	f	employee	$2b$10$/TNZnEveEw.UL.gqA058oeylGvOsvb5pffZT/Vsx068YuoQAeOz2W	caleb.melton
76	Fisher Cisneros	81	1	f	employee	$2b$10$zZ3DY1b5gY1e5Ken/ErLw.0bCj8NhOYlgJ2QTQ0A3QctSWtarzs/O	fisher.cisneros
79	Loretta Frost	81	1	f	employee	$2b$10$zXTI2zZka./.4XSE5GXrEeGjwzWzF4779RfYAJR94eDCzOLhcjiem	loretta.frost
81	Alaya Fitzgerald	110	1	f	manager	$2b$10$Ijqd.u/JEnf2dRuyuFo.a.NWLlgiKsww7Q4q8TGbF7clmqvLPg4Ui	alaya.fitzgerald
83	River Walters	84	1	f	employee	$2b$10$gpXleNBRd2siJX0193hriOVWnAvxc./Qz02vj23Yz8IE6Z8SXIXsG	river.walters
85	Grace Dejesus	92	1	f	employee	$2b$10$4Ih/nCu6inw2plmT6JLkN.lCH3scX6ODRfVly7MM1gCM6zP2vWxWW	grace.dejesus
88	Ayan Adkins	92	1	f	employee	$2b$10$tv5s/VZJq7uK0hIfn6pQae0AePumxFrrvPAEkdkjiy.U9kqupXE6S	ayan.adkins
90	Avi Alfaro	92	1	f	employee	$2b$10$Lx3cIxDtHz3bOS7codoOj..U1EYek9nE7lTgKimGLAghASQf76NdC	avi.alfaro
92	Kaiser Mathis	110	1	f	manager	$2b$10$4hp.5VGrMBqWtz/1A3/6j.WIuC1jg6OetxY/Ub0.oOcbRysRvDmYW	kaiser.mathis
94	Bruce Knox	110	1	f	employee	$2b$10$uW8OIDlLzTUQtWAJ2kW0b.K9gMt5o4fT5seVFsW8nKciIeqVmDViS	bruce.knox
96	Damien Barry	110	1	f	employee	$2b$10$/xnO69QaGAzQ.ESZRBFn4ulJSMxB.Ovhtqkz.NuFntYT.ffxrKMxO	damien.barry
100	Niko Mora	110	1	f	employee	$2b$10$miDOG1VSLlvt4BomI.WWJejstLKRvzQVj6TPmDVzXTydWcTTAEIhi	niko.mora
103	Ashlyn Nunez	110	1	f	employee	$2b$10$xWG3CfPa7SDA9Mh67rTKlOFd/YtC7.uxkoWF.xhdJzMF6Z/s7iVZ2	ashlyn.nunez
105	Marisol Calhoun	110	1	f	employee	$2b$10$5FIURw8wDqybI1eii1ZsUepV/8eX0v65tkv99MbNgtwwBQz5ciIM.	marisol.calhoun
107	Mckenna Willis	110	1	f	employee	$2b$10$89m1V6fVfxENyt91kK2xGuH.u7YdlZDhQzJ5onNCa1CtxURgio9PW	mckenna.willis
109	Miriam Sexton	110	1	f	employee	$2b$10$YRIUs5V5qoYzefJBkrN9pu1/sMwIM0cj09avCaciHcFfQWceOAzn.	miriam.sexton
2	Clay Li	8	1	f	employee	$2b$10$qCUhOHRcQK7.z3PriGIBeuW9y2fkgj.Truc.ucNBzmtHUgl87eCt2	clay.li
113	Hadley Moon	117	2	f	employee	$2b$10$RHdisy3SB3PSxbUEX2iFN.zSg3Kc3lXlO6ehVY253fZSdYHSu1SHq	hadley.moon
115	Adelynn Rollins	117	2	f	employee	$2b$10$iZWoz300zcNwQrmv2pZ9n.xW0AddgXBP9dLpuu4C7lrCWH3msJYA.	adelynn.rollins
118	Colter Owens	123	2	f	employee	$2b$10$7UiPiMEfUEw9CpSiws/kU.YP0fqS0sir/CxbQC7WMque/byqitRKG	colter.owens
122	Jason Townsend	123	2	f	employee	$2b$10$4FbHtg7Sd5nv1l7dMcwdyexFcVw60yOKenmQ6y9gYlOR10pHbnG5S	jason.townsend
124	Callahan McIntyre	130	2	f	employee	$2b$10$vDhe51zt3gH8Y2xVqbzJU.AKDbDipviYAi4F9OEZwzS3SmsAeS1Oa	callahan.mcintyre
127	Halle Pham	130	2	f	employee	$2b$10$FhELcnMl8wzH4Ef2f25jjeaOy9EclBF.3KVoOjKqsil.cnCaVsAcC	halle.pham
129	Marley Reid	130	2	f	employee	$2b$10$OE0IMd0t.OyfRsDxzw4z9e18RXlvWEuATWBcxa7o9Frhg8JGRffMS	marley.reid
131	Bexley Bullock	137	2	f	employee	$2b$10$fNYyh7vUYgq8.Ai111JgH.qs5M/y2JGTeGEHhkeYJA43zS8MHKsxi	bexley.bullock
133	Lila Valenzuela	137	2	f	employee	$2b$10$jd7w.ZHvMPACztpwrz7GC.7dH.G6mGhZBV6Y7fpiRmMiBs5YHfJB2	lila.valenzuela
135	Adalynn Long	137	2	f	employee	$2b$10$egmHyYLW.Yb..0LatD3GhO4qS2cfbygq/oQvZTwGZn2fWBknPyioy	adalynn.long
137	Jane Preston	190	2	f	manager	$2b$10$Oukhi9fPnJuJhUeDww3VfedHwQbO7PMNZnL2Hmr0db.SnRyGmgCBi	jane.preston
138	Vincenzo Cobb	148	2	f	employee	$2b$10$MO.ZHeoyUkd1wN/lKf3fCu61q3Z6G/aIkdPVFUcwzEKV6dPq1qZBy	vincenzo.cobb
140	Ford Chavez	148	2	f	employee	$2b$10$hQLWCzqpNEX.Ek9ng/sqguWcnFfLVnNjdk4Pyf/4XbJCQs5tVNS7S	ford.chavez
142	Rodney Gaines	148	2	f	employee	$2b$10$YY5IgXqZ1fjk24zE82mmyuWHeVtTtbOdfyftLLQ5qlNgpvkAO6.sa	rodney.gaines
145	Colette Vo	148	2	f	employee	$2b$10$sQEV7kduJfatQ7SC4JsEw.cXX8XiJTesRc.RqndgWnonuJFS/Jt92	colette.vo
147	Lana Conrad	148	2	f	employee	$2b$10$8PTFWvxHhV00iNZIuSWTKeeqgSdN0ANhOXKdWh7b21bvXsL/ZBxY6	lana.conrad
149	Adele Nguyen	157	2	f	employee	$2b$10$fShlnbKnaRxu60DWnZC.ROeQqdj4nLWaemSSd/Bs8iakEUfHMwvQi	adele.nguyen
151	Francesca Hartman	157	2	f	employee	$2b$10$xZPJI0vSyiUpmJnN7XV4bufDrSouX4/jTK4QSV05dTSe/z9TbxH2i	francesca.hartman
153	Lennon Blackwell	157	2	f	employee	$2b$10$tqO7gkqkP7T2YxIxqXoIDurjIXqFkh4.C4KylytZYVw63pRWCBZLK	lennon.blackwell
156	Case Lawson	157	2	f	employee	$2b$10$UUpxq89bVbui3K7fAcygbOZc4D71xQnFBrfUnOhUGrgX7YM9.4G.O	case.lawson
158	Beckham O’brien	162	2	f	employee	$2b$10$17pvo.L7.MFyVRCu1/QYfO7o6oMH726kVbPIkoXS4msY9yy/XN5Ly	beckham.o’brien
160	Gustavo Harmon	162	2	f	employee	$2b$10$6UXPY2Bjk5yfKPmgcv0jF.lqpF/Vuuntct0ZjeoXWlQ3HmkHt1ohC	gustavo.harmon
163	Calliope Hill	181	2	f	employee	$2b$10$pcMjy24ReiNh4wr77naasOVHVF4hsCblYYcWPKnX4gkNhGrFSUTEa	calliope.hill
165	Paislee Day	181	2	f	employee	$2b$10$lG/hXrrxMxbS1Jd7Z8VAOOUkF43a6B4EdxIge20cfseC7hZvYGpp.	paislee.day
167	Esther Frazier	181	2	f	employee	$2b$10$NlZYfQ4rcDcyMH.STFfQwe6fjqrHbTk/7e6CgyldLzbUI27Zoq48.	esther.frazier
169	Mallory Proctor	181	2	f	employee	$2b$10$TmQfrX2DErlWqd.K7rc3he2hWnrXKCgdP04MPBlie6KMjPLzYppDy	mallory.proctor
171	Leilani Francis	181	2	f	employee	$2b$10$x2pIPeCDOi2fIXxF3cmu2OAn7vBssqIlK4n0lgA1gX9o3uVYTLxL.	leilani.francis
173	Miley Fuentes	181	2	f	employee	$2b$10$PW.E4xZzE/ux1iXMZlXz4.OGomeRmZIHxo17T399ry.EI6gfjD5tm	miley.fuentes
175	Freya French	181	2	f	employee	$2b$10$QuaUh1VzWQMUNrl/0TmzxOEUlsM5fT6orVQP/lrpkfV2BaWSufBPS	freya.french
178	Stanley Mayer	181	2	f	employee	$2b$10$EAOoEj5cTFjbUtlRdR/uMO8CRiiOTzg58IVXZvBHinks7nhEgttPS	stanley.mayer
180	Connor Carlson	181	2	f	employee	$2b$10$LpBkaiCUrEzo7zMjSoQbNe8NNpxGz8vycykxh/6Ux/lFnVh934Fnm	connor.carlson
182	Dakota Marshall	190	2	f	employee	$2b$10$sZzZom4bI50tC7CBrZZ9dOkiJrMuhnJYflGEVvmGl5kbG9chhJri2	dakota.marshall
184	River Kelley	190	2	f	employee	$2b$10$B81Jq5lHex5Tr1dA0Eql/OAhoro0J2dWWEN3YyHmOSw1vQdOX7APC	river.kelley
187	Isabella Knight	190	2	f	employee	$2b$10$/biCUOo7m2SSgJFFwuyn7.rXm9GE0.Yuszd0VCWsqKECP0pbj8alG	isabella.knight
189	Zahra Patton	190	2	f	employee	$2b$10$BGcxmLIZ618S03sQ/y7Emude6gN9ILMgKvdnoS.pILONjPMMBDy2C	zahra.patton
191	Eva Beasley	193	3	f	employee	$2b$10$XWts70XcfEuZ/JDxkC0BhOCXFo2RNkQDl4yrCW4Rnl995tJiAT6GC	eva.beasley
193	Alanna Hancock	391	3	f	manager	$2b$10$ctlThRIQktSLyhYZY53OKulRDwpyJk8u0cMfA.eXBbqLRz8D4rcSK	alanna.hancock
195	Adeline Morrison	201	3	f	employee	$2b$10$cw5yvGdisOLrszzvrKdqC.tJ29ssi1ONdCoZwiieg728HbwAxKiPu	adeline.morrison
198	Maison Carr	201	3	f	employee	$2b$10$TvEV2V9WNbkFItJgFF5Nku95nH4vG50INnzcPOE1eLxQ2VUXqbQP6	maison.carr
202	Dakota Finley	219	3	f	employee	$2b$10$Q7XVFRXfsCIdE9oCYBpJDOLtStI.OtutWIkCbW0FuLwhXxCO51ZlS	dakota.finley
204	Calvin Leblanc	219	3	f	employee	$2b$10$GMgAaU6PhRnGd7Jpzp1P5.d.HeuQaVuhUXlpSR9bqv2DkuI3qTS4C	calvin.leblanc
207	Averi Moon	219	3	f	employee	$2b$10$iIAhHLDzFSFYcHPpRteQMOrvAewYlZin9xFHD/PPzWl0rG8oVMuhC	averi.moon
209	Meredith Becker	219	3	f	employee	$2b$10$PckOy1tJO963ez9vq/T8lepMaSP4wTQGEHuAkm6X9ze8zrtPmE9b2	meredith.becker
211	Mckenna Poole	219	3	f	employee	$2b$10$IPIAV6dQdvlBoBNugfQSJOASQTVK9GMqprs211UWitQ91nGgIOAfG	mckenna.poole
213	Destiny Compton	219	3	f	employee	$2b$10$MLHM.hFHh53niL1p4rI9H.5x4yJ1faBtpaxh3oXreda2jtmAVM2tO	destiny.compton
215	Julissa Mata	220	3	f	employee	$2b$10$xI7YQ065ObHwgsRKN6PxMuWkjn9OvSF1vL9pbVz/rKX9bXz4x4cvq	julissa.mata
217	Paisleigh Aguilar	220	3	f	employee	$2b$10$RjRGvE8J9K0b6xncoUmgUe/4/u09IKKQpp9PAwaeGiikmorfBvqNO	paisleigh.aguilar
220	Melvin Russell	391	3	f	manager	$2b$10$M1m7Gsiw6hgZMNcSUeIfwu8bfW83qmZIwZy2wtPQSOL9a/SNKtp42	melvin.russell
222	Valentin Mathews	226	3	f	employee	$2b$10$ORdkmMWSmCFXcS4Rlhp3SO5zlHZKlAvd3Ik.Z8WX9OrHI94zmABHa	valentin.mathews
225	Helena Bauer	226	3	f	employee	$2b$10$Yy1kMhmJ7Cq5EKgWgjXco.bSnAxYNImTBZaksfqYjufXCB4RJFm2e	helena.bauer
227	Eva Andersen	233	3	f	employee	$2b$10$srx4rkh708ufJ8zcnAtSh.uluCmubejE5m9mXz8kKgCwGdoIJ8mAe	eva.andersen
229	Paloma Herrera	233	3	f	employee	$2b$10$HkRAH8hFtQNvgKSWS0PFa.VQYHz.TLW9fR3wDxNafbfVf8Ej5Uxy2	paloma.herrera
231	Kaylie O’Connor	233	3	f	employee	$2b$10$jWD0Y9pecpJpOZJHXrGXVu.7OdQqhI3kL/xmx4tIWjNgtCznh8Q3m	kaylie.o’connor
235	Elliott Palacios	240	3	f	employee	$2b$10$ZfRmm3QW1BZ1MQGExFmLVeGg.edcTr4A6AdFqrdv9VOLrxYAzwGCG	elliott.palacios
236	Thaddeus Sullivan	240	3	f	employee	$2b$10$4yTG/asrkS21DFRstVo4POHl8sGmtR9275YEZVxAZtqotJyPA1s.S	thaddeus.sullivan
239	Hadley Moran	240	3	f	employee	$2b$10$pWKP6NQJZw2hoibgL7FA6Orcl5RJvkMBB04/oQ5Y4oJzTCB0vFwsu	hadley.moran
241	Nia Wolfe	251	3	f	employee	$2b$10$DgbZeec6Qh5VkXZ1luLrYeOtBvt149/GD05D.XXLuf1iX9Stfz9fu	nia.wolfe
243	Sariah Day	251	3	f	employee	$2b$10$P3kItbM5qae062fxf1xwX.SoMOo6Q1VLUTZITRultBgPqoKQMV0B2	sariah.day
245	Annie Delarosa	251	3	f	employee	$2b$10$3zJzxSJJ/R5PDOBNOX8W.O4m06QAtmksOCRDAQWl/l9b158axTjEq	annie.delarosa
247	Veronica O’Connell	251	3	f	employee	$2b$10$rcJTpO.J/h9EiXQbEWjMFuJwsNda/eub00ykj0tJNr7Tokz1o4TkO	veronica.o’connell
250	Kyler Kerr	251	3	f	employee	$2b$10$FSizQAw6Q83B2UEX3MBm9uDIJRpfCiYYTLiox84rg3AwQuQXnKgHK	kyler.kerr
252	Jamir Meadows	260	3	f	employee	$2b$10$ddlUUJ.278PS9v4v5dAXUOFys3TD71j.GvtNX2b/qeA3LCVwP9ULO	jamir.meadows
254	Westley Trejo	260	3	f	employee	$2b$10$qM2E6aAjvax3dvtRplWZv.Yue.PW/Babz.YKr6e215fmiwgA.HbM2	westley.trejo
258	Cohen Patel	260	3	f	employee	$2b$10$6hPeK35eXCM/XccC7hQOsOwUGTfErSzSQ0paMioOAyNxmyPuoMT9S	cohen.patel
260	Kelvin Stevenson	391	3	f	manager	$2b$10$5Sp2bHPjNvo/6JqhJ3fMv.8xKa90moZeia2OiidzlvZ7tLIrTafb.	kelvin.stevenson
263	Loretta Collins	265	3	f	employee	$2b$10$w5/xuDhQchvTQk1bIdRf/u8M.tb/yefYdNqxUlYubYTDNjsj0MFN2	loretta.collins
265	Mary Valenzuela	391	3	f	manager	$2b$10$wcnLmi2JPFOd//NTHlN4LuIc8YtpOhAA3M02qQ01EnKL3L6eAaV.m	mary.valenzuela
267	Itzel Callahan	284	3	f	employee	$2b$10$otPzEsxWXtXc.VE7aZQNsOyaIZxSNJjYxfB9Io19H6tIA62nzZLhu	itzel.callahan
269	Remy Leach	284	3	f	employee	$2b$10$VyBogRO2e25BPcsyVI1ZauBRloMghAiPN1BGu1Vblt/dNXq3HRaZa	remy.leach
271	Rose Andrade	284	3	f	employee	$2b$10$igYuZgWG7aTlvnAU.tFyPubIvZHBMoOHkjVoYRPj7d.5rfRISYAr2	rose.andrade
274	Azrael Ingram	284	3	f	employee	$2b$10$UrxG8suByaZznN0P4xRymuft7Ry1httXDy6QA7xsFoM12rcgOJDKK	azrael.ingram
276	Kenji Ferguson	284	3	f	employee	$2b$10$wxusonWTYz4cYlHtG4B0P.gTAJu4rRLuYhbiy/Nq/gq1khhzuLLti	kenji.ferguson
278	Quincy Bowers	284	3	f	employee	$2b$10$mwRENufZPjMi2sLqBw9NAeVR4oZ8JLpQiAOpcThqpU4bvTs/bTQgu	quincy.bowers
280	Brayden Cameron	284	3	f	employee	$2b$10$/CFXqDsCWMxUj3s6WMSE5.trk0mmXZsvxgrqpHlK6l3acGkbPFvkK	brayden.cameron
283	Ava Grimes	284	3	f	employee	$2b$10$XsGCxSeMGzDM/nwX9SzkR.TbaBH1eWrR.BXShoZpjwaHyI.7cH7hS	ava.grimes
285	Landry Hudson	293	3	f	employee	$2b$10$6Amk5hXXv4RmI4vH7RvRpeVUertgJMl.7vrcDtEgZ0jf.lymr2WI6	landry.hudson
287	Kimora Jenkins	293	3	f	employee	$2b$10$o1lPgPJOZAhIu9i9HFL5Be2/SEQw9I682tNZMXOh4MUdorfEzkKNO	kimora.jenkins
289	Elyse Reese	293	3	f	employee	$2b$10$CbsPvlraQF4ZunnjwIVtaey77wJfF4N4wC9UvjOdSjv.QmhTnbW8m	elyse.reese
291	Lilianna Welch	293	3	f	employee	$2b$10$fEXYvsdNB2V6gW8fwrZz/.UtDn/ipSjm7zbe/sgt6zmzBqHAwxdw6	lilianna.welch
294	Kristian Shepherd	296	3	f	employee	$2b$10$PAM.1CR3IrI5Ts0BakieOeJBzxA4O6IU7y2DPJW2Mbb39eRmmVR0G	kristian.shepherd
296	Rowen Estes	391	3	f	manager	$2b$10$nZAPilqNlLXLv7LEPx7A1eK4whCsPpJpU/iYLkFu5GDoHjl3IqH/O	rowen.estes
298	Case Holloway	304	3	f	employee	$2b$10$izk2cpvIXC2hXyEO/IolROD8eAXpe3i259oB3xl7bZbdmeH.t07ri	case.holloway
300	Bishop Ramirez	304	3	f	employee	$2b$10$WhxPtTOCiWN.0L55TrI8a.EBbluLN9W1ucAckKCfHbz45MnP251xG	bishop.ramirez
303	Sunny Gardner	304	3	f	employee	$2b$10$f5dPndFC3S1EAYW4XlFxLeZb0CIjrdBF3x.iB6tRfOXGjwOtVUIEu	sunny.gardner
305	Malaya Garza	322	3	f	employee	$2b$10$pTWXfyi0Nu/lHuUeTRrAKeWXpv.rpoiFLfB92lhdhnmeK38iniqf6	malaya.garza
307	Maia Savage	322	3	f	employee	$2b$10$hqtzhmz0BJTx6RRJWMfwbOuPkhT3PV2FAhdLNGa2HoIBMb014fDqK	maia.savage
309	Makenna Ball	322	3	f	employee	$2b$10$FOERe1NhFs7vN/lFUqZFl.e4RrD4g.N5cWpk7ORQrGpIAqF1SyFua	makenna.ball
311	Abigail Jackson	322	3	f	employee	$2b$10$JKPIWKJ3NDntlI5ZVa53vOEAQRXaNi8Q/TNRzIPCyKoDN16QCRE.2	abigail.jackson
314	Niko Lozano	322	3	f	employee	$2b$10$W5XK0pHDKUarM1BJNeAbwOGpD79kTzjAW.NQeUcZuH4Qc.D75BBZC	niko.lozano
316	Edward Valenzuela	322	3	f	employee	$2b$10$p8gNmUdLm/I6mrHe5vX2sOel6Eygz3NkVepvTQOuMbsq29nHKGCGO	edward.valenzuela
318	Lian Soto	322	3	f	employee	$2b$10$rxFqyOEiBxr2vCbxHs8tDutFFrIG2cOvLsP3m174Y/5CmF4gZ1mYW	lian.soto
320	Arturo Herrera	322	3	f	employee	$2b$10$yuTGqm1RNfASASuPOm620eNXXj07o/IVGsxbfLG8ey5XK/oHzEvWW	arturo.herrera
322	Carl Klein	391	3	f	manager	$2b$10$PVF7OBrlb9l7Yraz8804LeVV.gEX6hm9bNjrs9L2KmU5adgLiDt9G	carl.klein
324	Casen Farrell	327	3	f	employee	$2b$10$.FvEcGG5LttlGj.rboN92e7aZkgR4X.tUIdde1c5DhaMDb2d5wIP2	casen.farrell
327	Lauren Barrett	391	3	f	manager	$2b$10$FEf61b8seW6bKYm59qzW5OnpL4Slujevk9I3ZSiT5q.EikAF3alKe	lauren.barrett
329	Egypt Reese	338	3	f	employee	$2b$10$zlAr0YcfKS5hlsDUaeIH5uRcWq8n7LPTxVkalXT7kktb/cyqouJjy	egypt.reese
331	Carolina Adkins	338	3	f	employee	$2b$10$5yt3suAq9C4kCvWky1JBXODCTIhqad3xjn6g.xU3qIcdjclPQAHXO	carolina.adkins
333	Kelsey Walter	338	3	f	employee	$2b$10$i8MO3LcLJFYoONqmgUDOA.4HUg58ANvgUGQ5AxcnqAdGy.t1XMIJK	kelsey.walter
334	Lochlan Wise	338	3	f	employee	$2b$10$Ytz6.OBJcsOHds3lwgB7IOcInC4CbIdHPcq5IeFsBqDBRPX.sEgqi	lochlan.wise
336	Cal Leach	338	3	f	employee	$2b$10$X6i9tdW8IEPfQY1jAS5f2u5vwdo93vjDFPhKuHcT/ZFIMeeM/sJOG	cal.leach
338	Marley Holmes	391	3	f	manager	$2b$10$UVM12/fzrX0IrBlbaLH7keXArBkHgDLjSDSWuhymreYhoN6Sl8W0K	marley.holmes
342	Muhammad Kirk	347	3	f	employee	$2b$10$YU.ze5vKU3mRd57fcmt3Qu.Qd9G.j3q2BEFcVSn9953sYHtdmqaWq	muhammad.kirk
345	Kaliyah Beck	347	3	f	employee	$2b$10$HFro2O.GwiksZp0cGVVtQeEfODIfEz2.daXya/xoeF5ixnCStDnV6	kaliyah.beck
347	Nancy Bullock	391	3	f	manager	$2b$10$ISvnqj0Ow0PXn8/nk3URbOLYKGhXkHKVaGYDx/Lm6u.gqyU0DrzZu	nancy.bullock
349	Irene Melton	352	3	f	employee	$2b$10$x6jrlW9QnhzxddpL0WV1l.ajZZ3aG5U9WJNe1ZgOkRI4VgnVYUsWC	irene.melton
351	Drew Shepard	352	3	f	employee	$2b$10$5l0zt0M9w742oVySGDtA1.jEEyDHyBTfB3wqc2BjXqwUieghMVFkW	drew.shepard
356	Marco Anderson	371	3	f	employee	$2b$10$4AYwFUz1hSBBdh4QgVKddupiGJqgikLkDKJs.hQYp9DAIpaR3IebS	marco.anderson
358	Heath Anderson	371	3	f	employee	$2b$10$mixc61F.gWnSp1CwcO3ZQeyem4p97OoUcu8j/P0r8yU7qPOOAhPoK	heath.anderson
360	Atreus James	371	3	f	employee	$2b$10$UCFj3KJpg/1pGGUuhW11.ONoh/nBc7s17d.vN5nVi3JOiQAgVya5G	atreus.james
362	Jamir Higgins	371	3	f	employee	$2b$10$LC5bXC9uHhVy6QI1lG1QtOt9UGi05suRBdcPl1sRDvugMWfi8TvvG	jamir.higgins
364	Everett Floyd	371	3	f	employee	$2b$10$4u9WbQRJB/HyFhZVxtM1HOJaw5YAdpfcJmEZ3khSHF5ptj//ydLYa	everett.floyd
366	Judah Bernard	371	3	f	employee	$2b$10$6GKfsv0PjRoArv0d1j5Mj.XAvKN9dr0JOyLD8F8Dhv06gXA9oKX6O	judah.bernard
369	Oaklynn Hancock	371	3	f	employee	$2b$10$0TE9Tq6aY3pGv8vCUknEJucPal1b/v6sApecPIiaLbU2ysMbQ.85O	oaklynn.hancock
371	Mya Ford	391	3	f	manager	$2b$10$wuMVZFO/YWRxjoKhdWEXxO1Lu1OCEbPpiBjidrYH6ooBkdV18wFom	mya.ford
373	Taylor Shepard	380	3	f	employee	$2b$10$UdJqPSvbbEhfTcNK9svCtuADU3XGvDvP/Fc5BVmvrHl9jBJtME2G6	taylor.shepard
375	Audrey Terry	380	3	f	employee	$2b$10$POkZfNNeBqJ9J1Gy9kuAPu/9KtWjRtOB/31wposw8Pgwnu0RKp0Fq	audrey.terry
377	Savanna Bush	380	3	f	employee	$2b$10$MZuRNiAx/8inAnjrwXqViucgViWLmhv.HE1KUPHD2pSAGLe9TrWT2	savanna.bush
380	Tru Doyle	391	3	f	manager	$2b$10$kh4z5GPCPqQhfGvL7YBDKekccTrADvoKS3RSeqVx47Ezj/zerGLrS	tru.doyle
382	Jay Santana	383	3	f	employee	$2b$10$n9bCQLsOeJtrtj.9QV2bwutb4aVZxxoEnFdMAquZzFhgo7clrtnLW	jay.santana
384	Amos Lindsey	391	3	f	employee	$2b$10$Gvlk2lDleEAiFkSoZfYdIu.T8SQPiWebJW849ERRVzi63JhonuGDO	amos.lindsey
386	Wyatt Chung	391	3	f	employee	$2b$10$FcOH26msDSMp8mb2Y7pYZ.sBgZK2qd7KjSZnqUx9YyjOyzaCgNwia	wyatt.chung
388	Dax Acosta	391	3	f	employee	$2b$10$tEdaDRr1SsqIJn7mnsXXM.cdvpEfit4vEFxRFrmFI0Qf4dVYjIZPy	dax.acosta
390	Ryder McGee	391	3	f	employee	$2b$10$h9qMd5PR8fAdWau7Qiqi/eFVS7wtimIqDoWulDNvwrJsQclf0HiDq	ryder.mcgee
392	Kalel Sherman	409	4	f	employee	$2b$10$4wUsGmLmFOvEsXTLbXwvcuwIG5tiwdT8mWxhTbdJytrPjL3MJucmG	kalel.sherman
394	Keegan Bradshaw	409	4	f	employee	$2b$10$RTy3UtSIwQ7kQAkMfmJDpe4opvA00OF2kmO6lzvypLeFZtJ/yD4nq	keegan.bradshaw
397	Aria Callahan	409	4	f	employee	$2b$10$VqEONMyq0UkdvQc7pIr9FuH4tR1YxzhrkLjJhQ2APH417rBda/MSq	aria.callahan
399	Haven Trevino	409	4	f	employee	$2b$10$2GgfCho..RB1hroWfcZrt.h811m7LeGutnI0nToWC2RXJc46Enyc2	haven.trevino
401	Gwen Robbins	409	4	f	employee	$2b$10$lbN3XpNhwqZSyP2EV66K5OQ8jOpI7oIVqCcH7cvjTHNUJIW00MYda	gwen.robbins
403	Allison Whitehead	409	4	f	employee	$2b$10$5Kz9jPH/W2lywL/1I1iy3eO4F7tC2fuUHBiLjZTbFA/jj5N/J.ptC	allison.whitehead
406	Edgar Mayer	409	4	f	employee	$2b$10$r427rSm2MsqNK8L5HnE0JONXM6IGzJkN2VBvX9.YHGT7nnVqsF.8O	edgar.mayer
408	Wesley Nielsen	409	4	f	employee	$2b$10$q9UbnRXdK8isBvOWqvYrBOaRWVw3YcV5usAYvGTUvfcMhW1BcifHS	wesley.nielsen
410	Yehuda Parks	416	4	f	employee	$2b$10$DPRuFlfVgIHpxiDE6viWnOV7OqEwJ1kKio.N84yHWijIuFL5aYEVq	yehuda.parks
412	Onyx Figueroa	416	4	f	employee	$2b$10$DdT0llZN3mPcDX8DDnJfNOsHuq2qZ6Ffva1FiBsTnS3NpQVQuhXUe	onyx.figueroa
414	Layne Donaldson	416	4	f	employee	$2b$10$znInnZSG4IgV2fTuKgkapOOb2UcFu.i3hxfAr3RqNhBWA11Y8Hgxu	layne.donaldson
417	June Ahmed	423	4	f	employee	$2b$10$Svaa8x6cViXBowx0cVSmY.KwbxvXKuScFFUZWaT8WuEcca.mDxNbi	june.ahmed
419	Kamilah Bond	423	4	f	employee	$2b$10$9BYXp.JZGwDige6/NeQKCe8r4lacgBBM8FYbfSI5f4KIBlfP8l4/a	kamilah.bond
423	Phoenix Navarro	712	4	f	manager	$2b$10$NsKN7dd5LYZ9v7RtwxjcPeCxMy.6DjMh1a8lu5NW2rvRUWMCIhjv6	phoenix.navarro
425	Mae Noble	430	4	f	employee	$2b$10$uT9yNwxdHzfGUtjJB4Cp3.CC1F8a05bHAM.cjPfPVTNweeQxGmnpC	mae.noble
427	Averie Willis	430	4	f	employee	$2b$10$bw/1S3KtmqlAcnaqzfYV2.RXX7sVNnQCDWNNkMxjIcXJ/M4V8HiIO	averie.willis
429	Nyla Good	430	4	f	employee	$2b$10$BAl/pkMvqvN6M8YQ9E3Fh.TVAwgVi4fV0oj/hUGMF52EuDu/9bgLy	nyla.good
432	Carson Adkins	441	4	f	employee	$2b$10$kXB4ZxKIvQpS48Co0vlSRu8082WyJaIxz3GP3Gi0x5EoWVoW9QSsi	carson.adkins
433	Emelia Day	441	4	f	employee	$2b$10$6pmLvD4sRSyVKgKYirim5uWfRmm7j9YQOLdlIomyMnMddKqCanf16	emelia.day
435	Helen Manning	441	4	f	employee	$2b$10$AVO6qiZUw7ceQkTqNvWR2O.xMLGQ0hbFW8IAOD4KdMBPtF3edmnTS	helen.manning
437	Noelle Jefferson	441	4	f	employee	$2b$10$hPzKw8qui8QIBoo4FHGlyeqEBGFpJF3Ppin5BQvOJ8x7IU6LwOpCi	noelle.jefferson
440	Kaysen Barron	441	4	f	employee	$2b$10$rTbioE1R7X3VHtM1m7ne3.03PJClRHuzwhjNifFRHYchd3qDwB0qi	kaysen.barron
442	Van Rios	450	4	f	employee	$2b$10$JMBtu/Hghn46Gkt9C1cL9e6rbmaHrCRMKtudL8In1Y/GxzaMWzXc.	van.rios
444	Harley Wagner	450	4	f	employee	$2b$10$lx4MY8l8uy0WgC4B0rCaC.8yTT3gF6xc3sJ9IwyLxoRPBMuHudvq2	harley.wagner
446	Finn Hodge	450	4	f	employee	$2b$10$jRI2IJhtabhtA5Mz47tWb.1VJ9mfA98wWCY5XANSaXALnyT3HiUeW	finn.hodge
448	Kyng Andrade	450	4	f	employee	$2b$10$qzwj/QMBR6/2KgMItYDBteNkI/DU8ouyDs3l2evpvEG/elf0HK/TW	kyng.andrade
450	Casen Bryan	712	4	f	manager	$2b$10$x1cR/7ek4z0HaOFRPUgyluusSQPlMGfSFPB.7wKPSO4cATO7nPssi	casen.bryan
452	Mylo David	455	4	f	employee	$2b$10$pbsyYTPIzzyv/L2zOLK8wuFi/nh1lpEgAVaI1wbS6UXkSV5C9Pb7G	mylo.david
454	Eugene Gallegos	455	4	f	employee	$2b$10$WVNPf88hrCjikFPrTKznReoqZdjTSueQzXMdkvMU5.NOLKHVvCm3S	eugene.gallegos
457	Miranda Anderson	474	4	f	employee	$2b$10$y.u8Ovi2LdcZN.Sv2FDSs.pr92flJY4BV9/0wXJVy3FFcCfUYXgcW	miranda.anderson
459	Paisley Dorsey	474	4	f	employee	$2b$10$gh0n1/w0nM2QKYi5j9lqQObq.BfxIs9IcB7hwriqOKznOgAOHapV2	paisley.dorsey
461	Emery Cochran	474	4	f	employee	$2b$10$qFAbaGgEhzLqZnfHvQDvu.ZqAdmZATKQTLgiqhWmhJLIdHC6mg.Gm	emery.cochran
464	Damien Marin	474	4	f	employee	$2b$10$XT7Pl6b7EqoERBkgICNAHebuMmDHh557Eck1HkM67UlpSaqqSAK3G	damien.marin
466	Jesse Matthews	474	4	f	employee	$2b$10$lYk1oM4e2czkGIiKzw/TSuN0BoZwAYt8sk8weUQx9YOkPHkzmAsn2	jesse.matthews
468	Omari Elliott	474	4	f	employee	$2b$10$yneBy8KJSpT5fzlUWyEKg.LjvlTAo.LFEGEkxHrrtdSE1OiqINRzW	omari.elliott
470	Yosef Cano	474	4	f	employee	$2b$10$kIuCO5AINrwPPUA4kuh6meGVB.mDNeVhWD.r8MGY/Wdaj6HUY5dA.	yosef.cano
472	Corbin King	474	4	f	employee	$2b$10$Ixwz5j.CJC4Mp.2AmO5E8uqlycgCZ5dODjKwMKFAo5FqMM68GXB7O	corbin.king
476	Braylon Olsen	483	4	f	employee	$2b$10$wSa3bIcWz5t6Iubfr91s..8oPn8iOiNMagX8VBdGBSeaw7nyWmhsG	braylon.olsen
479	Barbara Hendrix	483	4	f	employee	$2b$10$TVtoZOlv9kI9owlijaGKp.MaJKYd8/PqM7K7RM9a3GFdCA.rPoqqC	barbara.hendrix
481	Opal Mullins	483	4	f	employee	$2b$10$rGEThGUQHgyDK9n1KmHMreTw8pVraD8SEvYiMP0IslWlcmPOjdgE.	opal.mullins
483	Hallie Freeman	712	4	f	manager	$2b$10$KjnjIWqnTMmpGuUeA5Sd0uvuLX6efNUj8wervoXUkzcsCQskjZsw2	hallie.freeman
485	Genevieve Mathis	486	4	f	employee	$2b$10$2rbcA8ujxYRHAuxipWCf0uT7siHBFRR.KOJIU5lMDlaZzqZRGKRw2	genevieve.mathis
488	Creed Ali	494	4	f	employee	$2b$10$zaFOFdVnHZtASYOS2lzWDeQtlrrdrSPn5KEvt8Vi0Cw027csk9wGW	creed.ali
490	Ishaan Colon	494	4	f	employee	$2b$10$ziClfRDxrvhRhlqHHzEpD.B0Smcw2H5qs0kI3Cwvm/ZKhWDXHlvJC	ishaan.colon
492	Samir McGuire	494	4	f	employee	$2b$10$fJeuTQ5xaZh1Gk.l.aO6uexbqXlHA.d7Ivk70COf7W0hCAMmiVyh.	samir.mcguire
494	Jacob Nava	712	4	f	manager	$2b$10$T2UrxK8KbDy7V3YDdBhT5eTMRf.ZqfKXql71gx3MntUFFJrcu8OSq	jacob.nava
496	Eugene Dean	501	4	f	employee	$2b$10$Wd/HyR5NIv9j7elvSRuiVOx81IEkEoKydBuVElO51XnX7h2msxTXW	eugene.dean
501	Calliope Shields	712	4	f	manager	$2b$10$r9I3KfvVY6IRut6i/iHsFuMJW/MuN2j1.39Wv6/Xinbjp0OTjS3Mu	calliope.shields
503	Iris Berry	507	4	f	employee	$2b$10$paONmd62UWRcIWVITctSxekaxwoUvhPILo5XxZoYL/l2uFJU3JxDi	iris.berry
505	Renata Enriquez	507	4	f	employee	$2b$10$CL3UuO9DPgPPcIpnajmWEeS6v/mbQLSiE7j5GJR4v2CkgqIHO6wcO	renata.enriquez
507	Mabel Cole	712	4	f	manager	$2b$10$.U0TI7cdgMJga.bfDMjgGO5R7wqCe4wwW3VCaDVyY6GGVmH17NjBi	mabel.cole
509	Ansley Petersen	514	4	f	employee	$2b$10$fibImn4FAQmzaDog.t70jufhESpYUpP2s6ZvQiExmxIuPS3cR8ori	ansley.petersen
512	Eli Wallace	514	4	f	employee	$2b$10$bjl9kNiNhkUsmIAHKS4C7e5H/Cb.8M0i788UmE4zMziHljUwJYUvy	eli.wallace
514	Isaac McCormick	712	4	f	manager	$2b$10$OZr.tv9sYcfB6E2hR67mau03yGDx0ufAAQKTRlw7BjWJFv9SwA6ye	isaac.mccormick
516	Stefan McPherson	521	4	f	employee	$2b$10$6/VZ1ArM5kF6Q9xGyGa2t.fA/Jb4vVSjCouAfGRjgrO0SgjQN7PCe	stefan.mcpherson
518	Nelson Haley	521	4	f	employee	$2b$10$RB99uypLBtYCad2UcYLSeOD0cw72wDnaFVupLBufmzWvYbUJp.Y0y	nelson.haley
520	Griffin Dorsey	521	4	f	employee	$2b$10$yDi2Zd8PP2RgnO31IaeSeuzy3VcdWel9cMfJ.WvKGontoRUq3DdfG	griffin.dorsey
523	Caroline Soto	532	4	f	employee	$2b$10$sq81P/7O.6OFa7R77.e0FenkejGVcfohAkxGGRQR9jOr6ZN.K3Amm	caroline.soto
525	Emberly Sawyer	532	4	f	employee	$2b$10$fzcxbpaqX/WxxXTCDc1iweZTAdQVe.YMgPmdqzhzzddF2w8L2WGU6	emberly.sawyer
527	Maxine Arias	532	4	f	employee	$2b$10$1vjVLsxrPECb0Vp9MQRPjemIMdE8zIvu96o/HskyGJS0Bm2nJP.dO	maxine.arias
529	Giuliana Craig	532	4	f	employee	$2b$10$.4T97xzPAR3jiaOVm63ee.PtcVjB2nhR6GmkvAd8BSo0D1KX7T/wW	giuliana.craig
531	Rayna Pruitt	532	4	f	employee	$2b$10$bcQodu3yH.lZfu0rQZb9be3HEGuw3qcStDW1Aaad/vJWyrgYgMij2	rayna.pruitt
532	Gatlin Palmer	712	4	f	manager	$2b$10$N4a7Waa5JBMRW2fBI4J.WuMkCmhVg5cAeU7QkD3lJ0gGypv5JWNrK	gatlin.palmer
535	Isabelle Montoya	541	4	f	employee	$2b$10$bZuaYUm8HdU2IDIJhlXeQexOmPf3ZtA4kcs2yklSAaPo8ljMO9VJK	isabelle.montoya
537	Mavis Medrano	541	4	f	employee	$2b$10$h3TkNvqOU0l9ap9MuQSmB.dW.M6BfvG8K7x94aWll4jra065OsGdq	mavis.medrano
539	Alyssa Coffey	541	4	f	employee	$2b$10$kpsLjeuqjHASmJ5LapfroOkhcLnjU/F.Jju3/SBJJkZpRJQb/3v12	alyssa.coffey
541	June Conway	712	4	f	manager	$2b$10$dTlRyZERBn4LqZKRBgDZTO.RM2I0JODpjiQTo34q/MqzUYS6YNs5e	june.conway
543	Zendaya Morrow	546	4	f	employee	$2b$10$w90sKfq9fdxE4vkK3FtL9e4yn/pctMtS9AnAa6HAgE/lyI8cljpL2	zendaya.morrow
545	Alayah Watson	546	4	f	employee	$2b$10$4vxFZGY8YuHnHvK7A46MpujEFD05R0X5TJM3ZauGqK5jyPJ/FTaRq	alayah.watson
548	Jonas Shelton	565	4	f	employee	$2b$10$50zQU14N5J9FlY/l.oZZHuMJ0rAc9cwYqcwpNS/nHPIsoUEomPATq	jonas.shelton
550	Chandler Salinas	565	4	f	employee	$2b$10$mh66MHisO0cK.GQMv2Z3J.6PDFYpGyIU9qaItmaDzKMmht9fe.Fgi	chandler.salinas
552	Cal Delacruz	565	4	f	employee	$2b$10$ngMqSfMV23oMPJdT9BnwqOmt9KhVROsdveyp8L60J0BVcjPsb2AMy	cal.delacruz
554	Gary Ware	565	4	f	employee	$2b$10$9QZY3yoYQNSDQC/xhceQUuqgEytZslM7B33hpp2yAJWXgBzrTGTde	gary.ware
557	Juniper Ventura	565	4	f	employee	$2b$10$cTyHICZ/2t/zneI4yscpvezCF2yQt8i.1vnsxtDTrw6VyjJwoqLKu	juniper.ventura
559	Emani O’Connell	565	4	f	employee	$2b$10$5/Koay2NNqzU/gQvxSg/hecMfD3syz6pswkdJ8QGXJas5YK9ci.1a	emani.o’connell
561	Juliana Landry	565	4	f	employee	$2b$10$KzswhIhdZHRYCYhQie0XmOh/gTWw5O/oWGpJkRRJZzWrzqYQeijKi	juliana.landry
563	Kensley Buck	565	4	f	employee	$2b$10$IilmpGIEgS3MDRFjU4eLlOukfilbgLSnBTgQ5lBWELdjy3RkhiEsi	kensley.buck
566	Kody Wright	574	4	f	employee	$2b$10$Yyn9aVqNSQtj2ZhcBUaDsOss.s8N69B7d7IaV9B0EyuqrJ22oloWS	kody.wright
568	Quinton Thompson	574	4	f	employee	$2b$10$jb0MpwTl/ZYrQzKCcPB19u35YbFXMILlPSuFs.rPj5KFoGzTnnTFq	quinton.thompson
570	Malakai Walters	574	4	f	employee	$2b$10$jptWlA1WBy7rCMERuADA4OxOi0dtkMCj1XdB6UahdWDvkqAMgPeCO	malakai.walters
572	Israel McKay	574	4	f	employee	$2b$10$2yOXEma3GJ9dXhgW8HRtw.JZvPMHdpKvDy/UbrMfNHBOqvYd7/R8.	israel.mckay
574	Sage Corona	712	4	f	manager	$2b$10$.HF/xT6ZfKa462Z1flFZaepdmgFOfhWp5JzAtGXmwUGuVF80oHj42	sage.corona
578	Watson Williamson	585	4	f	employee	$2b$10$NGUZECKgaVI4/C23sI2AnO0/95GfNP9CLfueV7iTjLqeKLnPQ7F1G	watson.williamson
581	Marley Gregory	585	4	f	employee	$2b$10$u.vCrKqDWY3Jjvby8E/OtupV0tArOENwgLPaoNNggTIdEMEV67oDG	marley.gregory
583	Trinity Colon	585	4	f	employee	$2b$10$8t.cH3ouXfKXhCabJq5LUOK6XI2nF5Nb7F70jR4mqDxJFRJqD/d1y	trinity.colon
585	Paige Duncan	712	4	f	manager	$2b$10$EfSXNfzNT9Yq0BpcbCN5Zeng1wCCU25EhkJlBmk3mb7QI0ZvAGZOm	paige.duncan
588	Remi Portillo	603	4	f	employee	$2b$10$TEvVY2Ty65ufPQER3GGFE.gixxRAGFIwXIXp.nNk3C8BvIy4TCDaW	remi.portillo
590	Manuel Barr	603	4	f	employee	$2b$10$K9ZGKv/GCG.s5qGIsLwjHODdKNVFnx/u0Ze1.B2DawhtuH6kJ9ogK	manuel.barr
592	Santiago Simmons	603	4	f	employee	$2b$10$292wvIrPuMLqVw4Gtb/Bq.qjAs3g2ZyD80kLkHbn7ttxlLMK4Nrwq	santiago.simmons
594	Marcus Hester	603	4	f	employee	$2b$10$WAus.0Vu/sX.vHlua1eG/uBC6WgKGrJvvonV9d0fBSf0d3v4en/RO	marcus.hester
599	Everleigh Pugh	603	4	f	employee	$2b$10$7XJ3EgEDpFLQX.q7g/jNQ.1livtGVOw7N3Gfjj7xkNvTgjs6fiJwm	everleigh.pugh
601	Amelie Quinn	603	4	f	employee	$2b$10$TsUtWqsHAZtL8qrpiyczgeYqGp.lzmGnnRqbFPqDT3M.gZ.hj0nta	amelie.quinn
603	Jaylin Hansen	712	4	f	manager	$2b$10$qiYaVrXhGHvnEPMbKnCICu0NPev61lt.EwnR3aMdUJ4i3FMk9K6Pi	jaylin.hansen
605	Kelsey Cantrell	610	4	f	employee	$2b$10$LC3RnJuXlIGDNgEdblDMke3JHMn.b5UWACvWK.Ib8qXtu9N23.Csm	kelsey.cantrell
610	Gregory Doyle	712	4	f	manager	$2b$10$ZS8kjkLa9uUG1ER1P15lj.Ac6teDjwNEHInTh/oFT/prUbV39vQe6	gregory.doyle
612	Marshall O’Connor	616	4	f	employee	$2b$10$nS3O2MYCpivpzmobcD6UgOIhQd8g33VsiyuWQ/h3lBvG.i2KNoyxq	marshall.o’connor
614	Osiris Price	616	4	f	employee	$2b$10$XgIzY8pOPSQ.6kxQRMf4f.8X9cCsK9HpyVKaSb/r9En0309HWAKSK	osiris.price
617	Amoura Olsen	623	4	f	employee	$2b$10$vg57PJHSiGbOfXTkOGLp9OA2v2Fx5yOQ64abjW7r.6QC6Bv.4xKT2	amoura.olsen
619	Rosalie Potter	623	4	f	employee	$2b$10$nKzP6diq53To3OJ.kjQQe.bv92EuMYhxDTqWr87hutPE82dRuM0jO	rosalie.potter
621	Mackenzie Krueger	623	4	f	employee	$2b$10$.s4LY4pWlNR0EWbA8Sr/KuQn9v8b.OkmBi9IRzJu1rf7Fo0M5dZjW	mackenzie.krueger
624	Cannon Simmons	630	4	f	employee	$2b$10$ng.sgXuGTL9T4EypmjCH.e2uY4rQSrfUpgwrjMhetxIZqQ610ZZLC	cannon.simmons
626	Elias Skinner	630	4	f	employee	$2b$10$er40VvIgyCnzN4mWgcJS9.1ngEFr3OETl2nCGl07W9m3LbzW1BI.e	elias.skinner
628	Branson Barber	630	4	f	employee	$2b$10$4mlUaOfQKmvs9gNKgUV5fOOnqJDN8LIzI2n0fT27Qfab8TK9PPOSS	branson.barber
629	Cassidy Dyer	630	4	f	employee	$2b$10$MY4FDdu8NGXz3li2tyUBDuL6/dmKr2uqdKMPxwGETuahS.nqXgMqa	cassidy.dyer
631	Ryan Mitchell	641	4	f	employee	$2b$10$F3eoN64qPT.lIdBXi6T75uqbTDNUbCxxQZxeJIZ3Cr2uzQA0tX7g6	ryan.mitchell
633	Lyanna Guerra	641	4	f	employee	$2b$10$O..ZSo8J9GYBSwZrZ6FR1eNZT18glim5yaMQroeiKLEAyeSRNGuAq	lyanna.guerra
636	Graysen Powell	641	4	f	employee	$2b$10$Huk6O1T0tYGM55TLAXzqAeiEv8/WnvB.j1bA3eZfRA9w/H.FLTcXq	graysen.powell
638	Kyng Stout	641	4	f	employee	$2b$10$zxPv5W7IMBN2lO60uM.BX.BYnwG7a4h4qittesi1dvTiKfeE/jDOa	kyng.stout
640	Kieran Floyd	641	4	f	employee	$2b$10$HAIPoz9QySTema8LG6W8tOQl8k1k9nNGqLb.2eD3ge8YEopUapmci	kieran.floyd
642	Andrew Conner	650	4	f	employee	$2b$10$vvAkwC.YayjodyLwDnGniepnWv1N/JV.Z7pLRInaGlKibFBCTk6HC	andrew.conner
645	Laney Gould	650	4	f	employee	$2b$10$Xx5BSb0/Irs8iZFohHhFie5bF9pwsREqYcmgJej6np.KTDs7HOVgi	laney.gould
647	Aileen Perry	650	4	f	employee	$2b$10$egZF1FOIixRzjeWVX/k9seA.PL57KkJVc5CdeoVVojUKeQFdt3cCC	aileen.perry
649	Hana McGee	650	4	f	employee	$2b$10$BbjTuIpOysyqbYa2i11FgeXKOgAul9Y/EzPQVDMAqwmnFlA4rmaxG	hana.mcgee
651	Keily Avery	655	4	f	employee	$2b$10$5dX0tvGr13VdWQHH10sxpOxznr8nSPjTM6maJ8yccy3aMmpogRvAq	keily.avery
653	Ella Travis	655	4	f	employee	$2b$10$jmtG/BzeKkSq/5/6/2N/COCcXYg0O66pvrT.mIVe/mAAFpN7PLUri	ella.travis
655	Remington Anderson	712	4	f	manager	$2b$10$AAyiMQzi11kAY/2JVMP5AeyXU9seGv.8kEqi.H8O.FTPvrrkszBr6	remington.anderson
658	Kyler Johnson	674	4	f	employee	$2b$10$77X1mvuchPLb/ov9q11VKevtR3eUEVbV80TNiA0SJ6kkAdHRe/shG	kyler.johnson
660	Azrael Reyna	674	4	f	employee	$2b$10$7SPkndXjLxv5dy4Z7upwTO/uugDXtNfUpIzyV8QQ8vy4xv2bDd8Jy	azrael.reyna
662	Jayce Washington	674	4	f	employee	$2b$10$FA0ZNTkfjAvmgwUD5yowgeYAQncbymLMoeDSzlp34QhSRYzRB.5QW	jayce.washington
664	Will Larsen	674	4	f	employee	$2b$10$tgeb5LoEEcgdQLn.mjdpIux9kkHgtpcf739sBiC20hkyaeKt482p6	will.larsen
666	Maurice Beasley	674	4	f	employee	$2b$10$76En6IEkN/OJNLjmi7OVLObTNxpwYcgORBjoWyG6Ewpt38T.CTKpG	maurice.beasley
669	Maggie Quintana	674	4	f	employee	$2b$10$2iqqFsOOxHdB/RIJVb0KGuJHIo1fgNKSBFAmYrI5w4lEJwIq0huje	maggie.quintana
671	Camryn Thornton	674	4	f	employee	$2b$10$3vCdFXW0AzjXoDPSeqQrweuPA4YgEw/g1xszzoOjgPgG2Sr3O8LNS	camryn.thornton
673	Kathryn Christensen	674	4	f	employee	$2b$10$fqAgIkeoEL1GAmeygFcypuv9eEN39mmL8JceWfIw3ALEch7ls4BAy	kathryn.christensen
675	Zainab Greene	683	4	f	employee	$2b$10$EG3I2Llmg1jLSlFXcK2yC.4A8DBIgb0F3Pv5Te4YrbTxuftsPY1K2	zainab.greene
677	Kamiyah Steele	683	4	f	employee	$2b$10$HWES0XbowSz40Ra5C4Xd8uJuZjgT8Ng6Ohy5kyT4K5v/Jb5dKGlk2	kamiyah.steele
680	Brixton Avila	683	4	f	employee	$2b$10$YRzk5POf2ghqapHo/MAvtuw/.UUFXrccNQBrB6VIEw1FqYCFBzKmS	brixton.avila
682	Harris Stephens	683	4	f	employee	$2b$10$Ywe40AikWvCLzsDg94KgP.2ySJwBuhJ7WAPy.n01jVotcHmwW0ZPK	harris.stephens
685	Navy Nash	686	4	f	employee	$2b$10$ZDTC51e12HgczIPBCtnZ0usz.tcjefSjIj7bSEXTNsOzoaCp80BWy	navy.nash
687	Avery Russell	694	4	f	employee	$2b$10$uoMP6iHP/tq0Xf7BIjNpMuoAHTfsD.UPTVpDwg00WnBtuDcX8DjN6	avery.russell
689	London Rojas	694	4	f	employee	$2b$10$EPWhPnyhFJZHQAHiK8FhK.WozJWboeBlnXOIWeZC0tsbhKGXOom7q	london.rojas
691	Zaniyah Wang	694	4	f	employee	$2b$10$MLfD4f3aW8zkIRfcNuewtO80q.11kSsFPj6v2txVlcVTZ4CubigOm	zaniyah.wang
696	Phillip Cardenas	712	4	f	employee	$2b$10$PC0yAXQREibCwKxVjFRuh.fq4cx6hl95kPm54BDb.o.itdO4qbzeq	phillip.cardenas
698	Kamdyn Dalton	712	4	f	employee	$2b$10$EjqoDGKORrzd1jQf.t09EufVpsMGHHikS515vrdnFRAys6WJZieN2	kamdyn.dalton
701	Siena Berry	712	4	f	employee	$2b$10$JveqllvO1uU2tbmAY9IS8eP2GS5SkxixQKIpo7ZO7Slc8gn9CsTKO	siena.berry
703	Aurelia Rivas	712	4	f	employee	$2b$10$PsWazdjrhkwt3RwvzTnMFuzSWu4Lf2FqHCxWPOCCJaB5JbF9yDxDi	aurelia.rivas
705	Elyse Pierce	712	4	f	employee	$2b$10$dYAazfg26zi.AvvTwDebc.6rnCn3W5hU1Ec8.MRlSSPsVo0QeipdK	elyse.pierce
707	Ariah Hill	712	4	f	employee	$2b$10$Rzi9zF0n0hOHB67Mj4lxA.Vqktgn2hqWFmAEFLSIaNi4qE4/0Ks0e	ariah.hill
709	Holland Miranda	712	4	f	employee	$2b$10$UbEFrghfwfga1NwMX1Rhs.SsSnJ5dmydFprTf2qxNY7mTrZ9TPj2S	holland.miranda
712	Jeffrey Rhodes	988	4	f	manager	$2b$10$mO.K4VIwgNIR6h3G8lKcwuAH/HWaPCVhGeU16q3Nm/vcP.pGFBfCW	jeffrey.rhodes
714	Robin Bonilla	719	5	f	employee	$2b$10$iRMlTJDvM/8sl1VesRnCHuWhN/JtKXB67W.PfVx4dG0KT27aNiN36	robin.bonilla
716	Sullivan Vaughan	719	5	f	employee	$2b$10$lFn6DkGnw6gEC/sHmlPyO.HIWnuc1Ucu1dvvKvzrewiS12gigXyi6	sullivan.vaughan
718	Brady Cox	719	5	f	employee	$2b$10$5KASjInJMEg9prWM4wBlU.SUDJkq2iLFYuHt0r0qRiPgmsc8tLJdK	brady.cox
723	Melanie Bishop	726	5	f	employee	$2b$10$Aa9qq1W4F5fdVY3cGiKG7.RDudZk1nSmI5r2Xm10biYcB9rvYRPgu	melanie.bishop
725	Nyla Kelly	726	5	f	employee	$2b$10$ge2XahoqR6JvdQH2LccJ.unAtd/ueduuIKAmxBqRmQghkeihTdXuK	nyla.kelly
1	Kamryn Villa	8	1	f	employee	$2b$10$lMAk8IqOWZmIqPqKs4a4X.iJndNlWs/MQQJ3Faf9VUfkZGoCLOY5y	kamryn.villa
3	Paige Santiago	8	1	f	employee	$2b$10$Gz.ECNJi.Qr3URqIgt43hevpOw0pNYmd78MCorRHHgi5prn8Y6722	paige.santiago
5	Rosie Long	8	1	f	employee	$2b$10$77e7EP./bqf/f26F8kyeMuUhwkJCBThV/tXJzFXi.faf0TYpJbhGy	rosie.long
7	Alani Sandoval	8	1	f	employee	$2b$10$ZJargk1SAVRXLMbQWyau8OjzEzOD.4Dbm8S1Mh2emBLR5Z8b2rVIO	alani.sandoval
10	Dawson Fox	14	1	f	employee	$2b$10$HXc2zYZFgzwaWKikUDauWeSHrzDaZNbRG4wxuFzVXrzHJwml4UpcC	dawson.fox
12	Albert Eaton	14	1	f	employee	$2b$10$regIyvCfnTAP6lGoVAjPOush4BjZsNoCbXdCjXX8/7SFwZTtMm6Vm	albert.eaton
14	Cullen Nelson	40	1	f	manager	$2b$10$MQAmxNYtCZ6AnoaE0oBK9e.aPoVfPEg./OOmPTnly.TDks9zORqA6	cullen.nelson
16	Cassius Guzman	21	1	f	employee	$2b$10$KQaP4Xm9xoxU5eRkQaK.uOrHwICoQmEwoyuaflf6glGGYhr7d3eW.	cassius.guzman
19	Marilyn Bernard	21	1	f	employee	$2b$10$G9gmKvZUa1AQFMMtejEe0.WXiB18mZ0dm6Mmh2YFRbOUKbYMiWUeq	marilyn.bernard
21	Oaklee Chung	40	1	f	manager	$2b$10$HLm9HehVkHli9Zw3w2zhmOf306i7NwDj8837IT9xuW.CtoQ4zxyra	oaklee.chung
23	Sylvie Stanton	28	1	f	employee	$2b$10$WsPaVaGJl3I8HI3KdJ79N.O9YV7xRxL/Ttt/XRME9m8mGopsNaGWu	sylvie.stanton
25	Aliyah Madden	28	1	f	employee	$2b$10$0AydZT.cY.tDGSxYKsWneOOStfe8R8M3hWluocONscchEX64W9LgC	aliyah.madden
27	Ellie Gonzales	28	1	f	employee	$2b$10$5lgSCb01JkmRqYHuS054TeGzXhf33UDIzThLk/UZmZSxKQwkoJ1e6	ellie.gonzales
29	Payton Chen	39	1	f	employee	$2b$10$YD9mvsj9TQ9.R2PvMlviGeXkbAimNd3Ppsu/jMlFBD62XvcGJJUuC	payton.chen
31	Emmeline York	39	1	f	employee	$2b$10$59JazFM9Nc1CvNyADPDTY.GGCCHjQovWeEIVZaZkhWeGkZkOqfR7O	emmeline.york
34	Valentino English	39	1	f	employee	$2b$10$EVhbQtSBSnCidemvhBOvbuEh8Vly7Zx/Uy5qVjd4cczYdDszZ/hSC	valentino.english
36	Ace Gould	39	1	f	employee	$2b$10$gSU.JVl8cghAEjn1.jzQW.v71ZyNJ8ZGeDgAYATmJI72HwXi3HYWq	ace.gould
39	Marina York	40	1	f	manager	$2b$10$TPlY/MJ.2bEwi3nWuKzAvOWq8kZ73WRiGyi71B0AQ9tdhRh1E0uhG	marina.york
750	Nova Villarreal	753	5	f	employee	$2b$10$91X9PJaFIgIFcUbRhCkjvOUikkiCsClCfDvvSmpdG6V58VCwakjW.	nova.villarreal
751	Jazlyn Villarreal	753	5	f	employee	$2b$10$gigW2Ldd8fMbYd69qEYv/.lQ8RtFP4/87BQQ7MSyD.4M7RE3r/L32	jazlyn.villarreal
754	Harris Doyle	758	5	f	employee	$2b$10$ZbjbBqUG0Sihx5K22YaPc.gcd12/Zatdst/WKa3SK0EHaBT2K/HvO	harris.doyle
756	Duncan Wells	758	5	f	employee	$2b$10$/Fn1A./75QDm8Pniy0Ayk.Bq/oWSTTWlF3RB.tmcsEmX3zdXTmu7a	duncan.wells
759	Emani Davila	777	5	f	employee	$2b$10$VLSYoNy/bMu5xRoGMRbH1O/JMWZzGvGIJ1TjfBj.amxDBcyeDPp2O	emani.davila
761	Raina Evans	777	5	f	employee	$2b$10$fxlqVfmKwMRkzIXO7JyvY.aiSEvW4e.hDHxRjncPm0ewInMFbymsS	raina.evans
765	Alia Barnett	777	5	f	employee	$2b$10$sd/.D9trMdbrBd/IKoxgIONpKAlbSAcNjBW9zelRlVkqIg/D0GQnS	alia.barnett
767	Yasmin Sexton	777	5	f	employee	$2b$10$zCMSxgUvY6znPzV.ezj39OSzczuK0Ji79rJBlUeH2MPpEQo.Lj60y	yasmin.sexton
770	Eli Rice	777	5	f	employee	$2b$10$JAJffeo8scpaH5VE/tHCU.5zSviTT1nv1SGV4uAlo1BfZFTGjIVQS	eli.rice
772	Maddox Lee	777	5	f	employee	$2b$10$bxSkHyF.dsy83j7tiWbndu1XI58eADAllayWu9M5ymeKc5CbdYsTm	maddox.lee
774	Emilio Schroeder	777	5	f	employee	$2b$10$QkGOl/1y/ZYQV3gOhlrUaulvBIYihq/plGFoLWBtim/0WXb9jaoRe	emilio.schroeder
776	Miller Liu	777	5	f	employee	$2b$10$I8HHQZ5zYHE/NhrSYebKXuhAO7NkBPp0Qycz/JBH8.s51iJ82ioya	miller.liu
778	Devin Palmer	786	5	f	employee	$2b$10$ZpuPWUnvNZlTvyQDrEtzAOGH3M1KdUqGvDjNAn6bBrnM2RE7z2VQG	devin.palmer
781	Kaylie Kline	786	5	f	employee	$2b$10$pcNI88IUep/SoRbBQaYqeOjDoIoQXsztGh3W6HfHtUVECk9GlOE/m	kaylie.kline
783	Marina Hart	786	5	f	employee	$2b$10$AedyV31nX/uXjD2Ao/5Wne2LoHt3rcvHITW/J0bQsrv/hzfppL2o2	marina.hart
785	Kayla Lawson	786	5	f	employee	$2b$10$sJlFVGMnkprdt/kMpJzOSu9VkhZks7U/Rgtr3Z6G5YNR.fYh2I50a	kayla.lawson
787	Sara Wise	789	5	f	employee	$2b$10$ZG1kZeXriOTgodOwnyJpM.FyNIYJAOeYg4FnmvyjBChvnW3mMMUWG	sara.wise
789	Kylie Frazier	934	5	f	manager	$2b$10$tih84BUOI53gwWyubCN9NOLmX1rYRnCV8it20TDGk9kcpik8yFSBK	kylie.frazier
791	Tori Wolf	797	5	f	employee	$2b$10$5cQQs48WQM0DrHG8SgU99uH3DCZIADWT8kL/hkVB2WGzftkeORWJC	tori.wolf
793	Elizabeth Ortega	797	5	f	employee	$2b$10$1saxUtCCRZeRSgG51qBMi.ec9uLpdQ107ZqD9b1iWdbLQk5iZI3eK	elizabeth.ortega
795	Clementine Burnett	797	5	f	employee	$2b$10$MffhJVyzhbvgjrMLpwzil.A0Hl3t3MUuy9SjCB4T6OLNmauIS60g2	clementine.burnett
798	Moshe Garza	815	5	f	employee	$2b$10$RnuhnHFAM2OEehPHzIva3.FChP93AWcCZqvlLp2SwoMXZtyK85lOq	moshe.garza
800	Kaiden Chandler	815	5	f	employee	$2b$10$BKlKtxaUJZJzYvBjrAZBS.k16E07PxGRE2Bh.Z4N1WIEGDAL4A2xO	kaiden.chandler
803	Selene Terrell	815	5	f	employee	$2b$10$0BXP/6OcGQ./L8seAvyFCOxoNEHQ4TGWtPIwzMmQ7eqY2EE4zK3OO	selene.terrell
805	Kayla Bradshaw	815	5	f	employee	$2b$10$8F5qTXJe7/qfvlRDYxJPxeSY4h.2E1wvTzXZ7sbaGA5YXLQO0rGs2	kayla.bradshaw
807	Brynn Mejia	815	5	f	employee	$2b$10$h/IQ3GZZCYakluSR7ECWLOUQ/p/UQRErXX0JG6o6P6l2RhxY/zZOW	brynn.mejia
809	Loretta Holloway	815	5	f	employee	$2b$10$K.8MZy9iUeOjFEnEZED4uONNli/EUkPDyl/QSux.W8oHC2p2z28Xa	loretta.holloway
811	Daniella Rivers	815	5	f	employee	$2b$10$5/MfcFMevS.ZIy3z0l6eXOYQ/eLL7fvz5S1kJp5027qieop4/Niaq	daniella.rivers
813	Elyse Schmitt	815	5	f	employee	$2b$10$.ICu0jcmkRwzdWBFZk82nO/q.Ozo8HZHeGLIdQxDt16f61T93iFiq	elyse.schmitt
816	Joseph Fry	820	5	f	employee	$2b$10$J7AFMA.G7mMlFITlwCifGuox/jK3u/IKMtfMJuOVqnZF5GSmTIznG	joseph.fry
818	Yosef Hunt	820	5	f	employee	$2b$10$xJtnKR88tLCxwcT3Z06uTO.425xr6ppkDm.RVhDBsFwXee2sSzegW	yosef.hunt
820	Roland Guevara	934	5	f	manager	$2b$10$TjxQwuFUawNqJzqldkRnn.fQ1eGAafGZqZwfnKf5YJUxbhc6yyROK	roland.guevara
827	Itzayana Walter	831	5	f	employee	$2b$10$hy77L.N73fisvqY/BGg89.50n/pdTSZCxYOMltgEUMJT9KKihOkWu	itzayana.walter
829	Finley Marks	831	5	f	employee	$2b$10$WvBtQJYDWxgSXjQQDrsZ.uP.SaJ0Dn/aekP0/85/J5xr4WpLbj39u	finley.marks
832	Alberto Gallagher	840	5	f	employee	$2b$10$MQffQ//kDJ7/4KT4gWP1Y.Ktw40iIgFk0m./6D.LyNfWXthCtW3c.	alberto.gallagher
835	Shiloh McConnell	840	5	f	employee	$2b$10$I6bwCFTRFPdmp9XOfZa/s.DSjguJmDGmFm4ATvf509oyw/2pcjUP2	shiloh.mcconnell
837	Paityn Martin	840	5	f	employee	$2b$10$tqBYxZvpuhIRhOOuovu3NuFMN9dg5O5rLgd0QO1IAlyeBlWWlSCUq	paityn.martin
839	Alicia Lee	840	5	f	employee	$2b$10$N7g69RmQ2JCJ46dt0XhaTuYzzwR/AdGpvv92nsgkuS/LiLVxmUCc2	alicia.lee
841	Alexis Yoder	845	5	f	employee	$2b$10$CUDwTCDZfwA3zupH24AGHOcMxqBge43/RZkBew1StI04TBOwTVqui	alexis.yoder
843	Theodora Andersen	845	5	f	employee	$2b$10$3SsbB40hRNTnLVOsnf/oCO5tecdw6zsK1wdWV6lbCk/7xGxlty0/G	theodora.andersen
846	Kingsley White	864	5	f	employee	$2b$10$d0RbhJjmdJMcJq6kTPC5UepEeQOKQsE3rgWYIrFSq1X93xmN5a7IO	kingsley.white
848	Zayden Arnold	864	5	f	employee	$2b$10$T8qV9LdpxWPis6IBWePu0euLBYoa/YmJnXdb3.qcr8XJ3BhyDH.Je	zayden.arnold
849	Finley Hubbard	864	5	f	employee	$2b$10$1f7c2YXiTjWgPT952XuJpeGr3sfsD0LiCZjRJYW64NUufLzjLJhtC	finley.hubbard
850	Forrest Mason	864	5	f	employee	$2b$10$0d9.p.IUA9ipDd820cHIuun6l6B1LsBdJ5r4g9fcNNW//AlR48Ore	forrest.mason
852	Alden Le	864	5	f	employee	$2b$10$0bWQHFQxk17ko9YcdvXtmeRzITZPdJnBFhSrugXZpI.Emn9HxUyPa	alden.le
854	Ibrahim Espinoza	864	5	f	employee	$2b$10$4NMESGqczadsNGEYUOrMvusFL3VUS3mgNHASbau2P/LX7YvJ64Bia	ibrahim.espinoza
857	Ryan Houston	864	5	f	employee	$2b$10$Tu9zxXPiocS7XSAk.SFTpeeHLDqdxhdfq/bkZ33GOn/I7hh7AY4DK	ryan.houston
859	Annabelle Kelley	864	5	f	employee	$2b$10$KfBlSKnWN7IRfFJZHMk1JulyMoEdmI0XRTpci3/7qWldKx5EW.T8W	annabelle.kelley
861	Delaney Parks	864	5	f	employee	$2b$10$KwOCmcyJHfuvc12tO9dcy.JqQXHqvU6iAPlbVog7vZuIPP3rn1vkC	delaney.parks
863	Catherine Hawkins	864	5	f	employee	$2b$10$i0U3DcE6oc/0s9QW4sRhBeSw6EUAwWQYXC9vAn2.ZDp4EIWRtuE3a	catherine.hawkins
866	Shane Thompson	873	5	f	employee	$2b$10$bkvKOd56AumAQZfDsOTil.7Darj16uiN9..HsG7yCtc2yWvR0kHxy	shane.thompson
868	Omar Berger	873	5	f	employee	$2b$10$/nn62t/rol1262yBBL1rg.VU3uw8RMe2KQ09rlzYT0BPNZ4/hG9xe	omar.berger
870	Asher Mora	873	5	f	employee	$2b$10$Wv5g5R6ky5fwnA7AuYcaG.wkj4ZxnQYcYzR/Tkdl29l0d4uuQq5vC	asher.mora
872	Lyric Stephenson	873	5	f	employee	$2b$10$V6nhbRZ7LiKzeZvrRP92Z.XmfGs5f8EZbW10t1E2jypSd9ggTKtpO	lyric.stephenson
875	Pearl McDowell	876	5	f	employee	$2b$10$Rs000e.Dg1NvhnnJhi/aGeQvgHZTTG4gKLa.M2Jzz8feOXzqEsFVC	pearl.mcdowell
877	Lyric Gould	884	5	f	employee	$2b$10$Q76y1BXIxlD9wsulM9wRDe/BPsgX6oDh4yRgTXdJkYqTBhg3XMfTy	lyric.gould
879	Oakley Chase	884	5	f	employee	$2b$10$13KAnj1UIEFY4ofR4e1DQeWZ7Z8oE7tymSt7GANEboxhcew3nzIhW	oakley.chase
881	Mavis Cross	884	5	f	employee	$2b$10$xGcfUjuR/BXzJFAewaV/3eydoBSsYmSUciDwYoFF764DWXcO9B5XG	mavis.cross
883	Amirah Calhoun	884	5	f	employee	$2b$10$QNCmPa8cpV9NlL65U5d3GOV6pKAQ4KvyKH02wgS2ylaqZkuaNU4R6	amirah.calhoun
885	Cadence Le	902	5	f	employee	$2b$10$q/4NuynTVtLaV1RUOC9Iqu.y2DsqLfEpVvxMrPq4oWBeNbHEN4pei	cadence.le
887	Aniya Frost	902	5	f	employee	$2b$10$IH3IhIjp9hlhoYHGwBxPK.Y6Yp5Pj96bZvxtFdhzDZY8lm85B9Xjy	aniya.frost
889	Amari Fitzpatrick	902	5	f	employee	$2b$10$/WOx4p2OHCrUJqupo6D77e86VmKKS07ReaSCm4mGJYiBoB7s./WiC	amari.fitzpatrick
892	Talon Villanueva	902	5	f	employee	$2b$10$YoEvlWPKQKIav41yStSIZuWJpl6BdioKPTZniUMg2udlvPjj6Icfa	talon.villanueva
894	Jaxxon Duarte	902	5	f	employee	$2b$10$yGO.VBDGwVXhB1EJybd6peVhfLsKx0dnfJB8MIMEmCdbC7thsjQYW	jaxxon.duarte
896	Keenan Anderson	902	5	f	employee	$2b$10$fM12ifFuQTd9knLbHQSWfO5oAqPPUdrzheuCxw8posdYNjCwGFJxS	keenan.anderson
898	Ryder O’Donnell	902	5	f	employee	$2b$10$SAh4F9.vR1xinV/SbMkF2eHQKEzFMBULuRegehGdblT6i6XaR/rMi	ryder.o’donnell
901	Treasure Barker	902	5	f	employee	$2b$10$utBwTFyLPSarJ9tnLCtJEuFFwYXDFQnbIwB/rrx/vSJQ6tJ6jgps.	treasure.barker
903	Makenzie Randolph	909	5	f	employee	$2b$10$NMjqSdSqbj1khI7itQ/p.OICJw6GPEIeJvQwDNu03Uc8Lt80m3.8C	makenzie.randolph
906	Emir Flowers	909	5	f	employee	$2b$10$VACLWW9uWwiFfuDMTg2nse.inWzkTqCsubJE8Rpz2uCgvBPsywqWS	emir.flowers
908	Emiliano Burns	909	5	f	employee	$2b$10$12JttZRMhUkRlIw6v64b2OTcmEcnZFWZ6PdsEkdMgS8vhVGsYZbTO	emiliano.burns
910	Pedro Pugh	916	5	f	employee	$2b$10$EfF1SSjZ6G6JoA.7rR0Dz.DuHF2DaYfcuOXQcAgvBR5sRWEsz1.w.	pedro.pugh
912	Frederick Flynn	916	5	f	employee	$2b$10$AKvMOF4lKOhCpMQOgHoAGO2BTOPPCnCcxinGbMJ0vFxoOlOTh7UTW	frederick.flynn
914	Raiden Walls	916	5	f	employee	$2b$10$ebbNCp4SSikDau3hJsLNdOClf5GQwdl5KfOHtQPKGCOnIfEz3i0LO	raiden.walls
916	Davian Woodard	934	5	f	manager	$2b$10$/uYBpMUK2G5Lx4wIrT1Zmumzth9n8n2w7g/Ez98H.EewQU0Dyv3hW	davian.woodard
919	Abigail Fry	923	5	f	employee	$2b$10$Wbpc9ZYpa5qATBab.trAv.61DSo5dGmzDchaeaDcDjuq.WXu6NdMK	abigail.fry
921	Meilani Beltran	923	5	f	employee	$2b$10$jYdNWY0/h4QlKAkcmdw3FO3KLr2amKAYmHYRFya1WLLN0WbCViVky	meilani.beltran
923	Madilynn King	934	5	f	manager	$2b$10$4wW1nMxH46howAL3wJ2RRe0A2PJFGTAF6vW6g35jINt/Eik7Qk3nG	madilynn.king
925	Haven Singleton	934	5	f	employee	$2b$10$Kcs99nLts6PiLNEbvUsCRehOC/w2lduhkmWKk3V71jocAracgZ/hC	haven.singleton
927	Elise Velasquez	934	5	f	employee	$2b$10$1ExbpM119neLKkKh86boUuay4hEijX.KP5M3VZTamocKx.x/FAxZ6	elise.velasquez
930	James Rangel	934	5	f	employee	$2b$10$oilyCvnUkA7qgUOWZTFEg.Sf3M4S8kTJ4w7yOmxD5eix8zZd7FqAi	james.rangel
932	Lochlan Parrish	934	5	f	employee	$2b$10$WVkiv6h4Xv6OTm1dVh5HX.C.FhvaXw.wRW/wV3mGepIumQnMqGEAa	lochlan.parrish
934	Ledger Grant	988	5	f	manager	$2b$10$1Fb.NOHTpljySPhbao.P0ud7bt93dQF8s4HpT2ngRUEAR4gB6ScFu	ledger.grant
937	Natalia Mack	943	6	f	employee	$2b$10$UcXZ7MNSpo9ixPTmfBtHk.D397ix3q7LAIcSTVrkjEUPoge8bic.q	natalia.mack
939	Della Gibbs	943	6	f	employee	$2b$10$C6sVsDG7cWZS5BhCGmGRienmPA4mP46dC90nO4hW8QTyA8pD4cDAe	della.gibbs
942	Jeremiah Knox	943	6	f	employee	$2b$10$WIBTgpbOGT9pIFPIl7z/kuhn2iSdhYoY4jMbe04EtzWm4WAmFW9jG	jeremiah.knox
944	Hector Bernard	948	6	f	employee	$2b$10$wifINgb.D5NcIm/O9cfyqe3.JVnGLkn7y25yFvKDJAQWpMT.1yxoa	hector.bernard
946	Axel Pacheco	948	6	f	employee	$2b$10$EqqCsRysJKMfID4mMmHqo.CQUe4RAcStsJg3lo0ET9J4rf8Jyzy.2	axel.pacheco
727	Miranda Curtis	733	5	f	employee	$2b$10$yFTyAUn2cbId5XZuTp4lSO30p9VhXqOppS/SASbnFpsbZdZrHD3ZO	miranda.curtis
728	Muhammad Singleton	733	5	f	employee	$2b$10$yCD2ZVOGiGK.OMb/R7Q4OuhebyMDtGnKITg3aV4/MF.r1lw5pRbCK	muhammad.singleton
729	Malaysia Bautista	733	5	f	employee	$2b$10$it0WEoXzMYmzWS1AFdkUw.JERcgmGBbVeBTol.4nG6zWypVuoTPv6	malaysia.bautista
730	Raul Dorsey	733	5	f	employee	$2b$10$stIvp3vBelFrmDAM/AlIEOpAXj4zsEZHrijYhlFHDEhcpF3asfikO	raul.dorsey
731	Addyson Shields	733	5	f	employee	$2b$10$JoplYeQ8zTNGY5SURTXKHOSJ3zPK6taiuIdLy3z4bVibxVJIzFJ22	addyson.shields
732	Devon Walsh	733	5	f	employee	$2b$10$UMavVWatudvKrWx1C0tVfe4N11/o1LnjjfFSLcogX//EUbtxLsACa	devon.walsh
733	Leia Adams	934	5	f	manager	$2b$10$1PxCIk9QhHIBe5EQjTwzHeSvLKURAsvpjvfavDmUUojOFCRlmkF.q	leia.adams
734	Hudson Jarvis	744	5	f	employee	$2b$10$qiyrqx7BhdE5P7E2qmqz7exiP01.BcrLSPxx9D4uFd.O2OSKSjaL2	hudson.jarvis
735	Elisabeth Bautista	744	5	f	employee	$2b$10$n6uxWzNfFPscEs0IbyDPgebGRxMxHhV0151BWWZmfOelRQvMcGEZm	elisabeth.bautista
736	Raul Norman	744	5	f	employee	$2b$10$qThbpnS3huAyvLinI.yz1.AY.R8utZ6oSk8hUMsWyA3vJBcvcvbXu	raul.norman
737	Malani Woodard	744	5	f	employee	$2b$10$D7I2i06BuzQad0exXbIueOTT89689SPfAw0ZkD97qTuM.GYd.jx5u	malani.woodard
738	Westley Erickson	744	5	f	employee	$2b$10$sy.66TbOekXU8GvPmDG5a.WcJqVBBGSLm4IEY3Vy1WivtvDVBsRYK	westley.erickson
739	Sabrina Wiley	744	5	f	employee	$2b$10$E1kILUtMUbH73MnTC.usd.c2N66SnEmPI3BKoNXtwGmgRzaq0bzze	sabrina.wiley
740	Mathew Avery	744	5	f	employee	$2b$10$YTqR9g/NgzyvtZlwnYjN.eG6H2Wpr7jVAcE4Ee9Gyy1Y72JjUzFzO	mathew.avery
741	Meghan Juarez	744	5	f	employee	$2b$10$7mny0QDY95N1k3z9L5DIkO4ued2OT3/KHVsevmnGlofQoH4Acm8I.	meghan.juarez
742	Joaquin Lyons	744	5	f	employee	$2b$10$TQ0jKfgqhxjkIEojXWRcguOObWBcevh7ou3SvrmMFzaX/Oj.J1z76	joaquin.lyons
743	Kenzie Henry	744	5	f	employee	$2b$10$dG3/elkwQQB7AhKlRU/pb.Am/HH24lCRaJA40EduUo2hvyUQukWcK	kenzie.henry
744	Carlos Mullen	934	5	f	manager	$2b$10$/3MfIJm4APB9Wy68XmFiqO7fuSjqUEE202My4GFxvLO5x2EzWb/oq	carlos.mullen
745	Shay Ford	753	5	f	employee	$2b$10$Njb2locA8KIaBOpTpZ2qAey.mUsHrxgIKnKOV7oR9u0HHSRauMSGm	shay.ford
746	Luis Avila	753	5	f	employee	$2b$10$9xJTr3CWQZNuW2KxiccNAeGNv3YhVPtdaTJN8TK/FPLP2lKhhhE1u	luis.avila
747	Amiyah Barry	753	5	f	employee	$2b$10$RTmrvEFFQ8d3CYtzyk0p6eCMAFP5eulpoohcddGvFIDkVY9yz7U42	amiyah.barry
748	Emery Good	753	5	f	employee	$2b$10$hptHlMmSwxCNdzwJ8yYjm.pZT7RD4cFMlSv4uG3ApEq1mBFhmm3RC	emery.good
749	Nathalia Moon	753	5	f	employee	$2b$10$/JzJOESNee3zRtxaA0FkKubIIWbWiTGvK7Ne9t8urV27qr5w/i4Ji	nathalia.moon
46	Aryan Rowland	48	1	f	employee	$2b$10$nv043JosOi9cLi120c0EzOUcPoRit5dkOSHfy45t2umbMta8Q1LbS	aryan.rowland
237	Melanie Coleman	240	3	f	employee	$2b$10$I9ABJH4cQ1s.ZCqvypA1POWo2wQ0pXw8j1uRxF1lmOkoHhAilDGOS	melanie.coleman
335	Mira Lim	338	3	f	employee	$2b$10$F6cCdcF7Aqv6fYdfxlmE8.rZ7497kW2UXVAUK0xUCyhUYm7aQ5pji	mira.lim
434	Kayson Swanson	441	4	f	employee	$2b$10$lDpspHptGNfUhdx4f7FRIe3VbRam/Z9VimHgu5OpTyTVKQ1N3wcGa	kayson.swanson
533	Juniper Garrison	541	4	f	employee	$2b$10$3snRo5Pw7HxPXDwUDz9CMuMJ9ZBTsXDAXLqbJz9LvC0fOtJnJvOym	juniper.garrison
822	Ahmad Kennedy	831	5	f	employee	$2b$10$PJLXmqFby7CAvEYo8YOUS.ge9tADb1.srkO/q1g09.Sf9laHgq8ja	ahmad.kennedy
38	Dangelo Sawyer	39	1	f	employee	$2b$10$Amxj.xsmYicP3X4EfjOmKeyHIvgQC09xVl3ctyOXFdeJJRLcJLdG6	dangelo.sawyer
98	Gerardo Mayer	110	1	f	employee	$2b$10$QCBOlCf8YoqYWs7GvZIHxuQph1xbundg3rcquJfPWZkbG8jwiyoDG	gerardo.mayer
111	Lacey Lee	117	2	f	employee	$2b$10$yFuq2WiJv1kFMXdXWdQr3emhxFBAX/8E5p2eXtX4j29nfVINh4cgO	lacey.lee
120	Jair Schaefer	123	2	f	employee	$2b$10$slasZePk334lgdlthgHBJ.jnqM4/PfDY2zXhH4Pj5EvJzz1S1yCM2	jair.schaefer
200	Dustin Jordan	201	3	f	employee	$2b$10$2ms5es.teF8zG2W1eqkRY.CCBj5tRmLP2YdRIxOGg8wrNcQB/DN4G	dustin.jordan
233	Willow Romero	391	3	f	manager	$2b$10$KWxTmvu7Bc/xMQBaZsyYT.cwdhQb9jU9v0CizQ6Y1euKaamcLQnBO	willow.romero
256	Marcelo Tucker	260	3	f	employee	$2b$10$u6XcFYoFbu.IVsvSMqepxe7v.EqDTMsGETYSqHYqku186AsqJHUaC	marcelo.tucker
340	Javier Austin	347	3	f	employee	$2b$10$w8/mQCy7NWh1cgT0xpj/zuUBCfBXd5cmElh92tH0DePhpgR/UOt7.	javier.austin
353	Sabrina Baldwin	371	3	f	employee	$2b$10$YrdF6I34JkA9UxMHuY9sDeEXjN469rxccX3zbqm9mTE.mEHSTVlqG	sabrina.baldwin
421	Ila Fowler	423	4	f	employee	$2b$10$k9W1ziNEexyI82TqifJScuw7cGvFhXoylKAzjsTzxa7ov6xTSppPq	ila.fowler
474	Cain Dennis	712	4	f	manager	$2b$10$Ub5GMwFmsQZZEH0iQY1OPu3QkXpW9lUQ7wW7J16k59O/8jY.Ew77S	cain.dennis
498	Israel Becker	501	4	f	employee	$2b$10$qS2D1H.v.4STTikOn/e7S.2UEmHB6QnpqwperVBmOrOHju716kFdK	israel.becker
576	Andrew Graham	577	4	f	employee	$2b$10$OuEvIfcmZdjnI63i/7gBo.DVW7ikgsP2CXnIVThL8qyoE3xnZTzri	andrew.graham
597	Serena Barajas	603	4	f	employee	$2b$10$qWy7tUOCK4HEjR8xgxOTqO83DiM9FFfclAscX71ZRxIlQGt/ZnuFi	serena.barajas
608	Maximo Zimmerman	610	4	f	employee	$2b$10$79xa8/x876RNEDsY1maJgehdvf5sU5PYjCMM7SfTtjG74jOXDbiaK	maximo.zimmerman
693	Marceline Ellison	694	4	f	employee	$2b$10$hMsocLXBCa/elKhL/bF2muHBQYSF3w3uKLo7vfGw.JEQalM0uoaTi	marceline.ellison
720	Jameson Richmond	726	5	f	employee	$2b$10$0jqSq13WxCBC8EqobZ00wey6IlwzTqFKqeNMEUO7tRu3ytmw97SNu	jameson.richmond
763	Addisyn Mercado	777	5	f	employee	$2b$10$sxeoosbEqFGc8DzKUuxLtuPy2Xge28C2ufBklFHUzwt9l5UFk1.BW	addisyn.mercado
830	Amos Yu	831	5	f	employee	$2b$10$a8OP8RPbTq97lhQxWBqpnO5vvAThzjZJfOSLTVONEmZYrXgNhGJ56	amos.yu
726	Cooper Stokes	934	5	f	manager	$2b$10$QwOMSF2aDGZ2BEZaa9CLGuxI3QrFQBZMIyeZTptmvCR9XvY5Qla6e	cooper.stokes
851	Sienna Cisneros	864	5	f	employee	$2b$10$7fzKnDWl5Ll5DYAax6DxM.omeTRCCgMN0DGZ3dG3rqPp2vjLYwsuq	sienna.cisneros
825	Keyla Johnson	831	5	f	employee	$2b$10$6hjOVg3hqjtoWqXvyJxDkefIYMENxcnpO9M4d7MpjmrElBrs73tm6	keyla.johnson
826	Noah Nolan	831	5	f	employee	$2b$10$SVbL8vAT2SeKi3Y9f.UliegZ9aNPLdBHOYBghJdN2crehZm3hxJCO	noah.nolan
828	Lochlan Arnold	831	5	f	employee	$2b$10$lYGsvoKxWz0ysCasRKOJLuOd/CnPmEcIUziqAbP0c76.LNc3c8ZXq	lochlan.arnold
831	Navy Arroyo	934	5	f	manager	$2b$10$S1sapOdfaUqlZsnEJGS.HebvOtTVVVHUp6/yi4/sHq/zdmNt/XLl2	navy.arroyo
833	Elliott Jaramillo	840	5	f	employee	$2b$10$zn0AyN8EV/RF8EMKq6HAI.DlHtoq6.GSiiWeVfQylDVl77GusN6/a	elliott.jaramillo
834	Riggs Goodwin	840	5	f	employee	$2b$10$6pgNcwz/egV0MsDRTDVyeOqrAEiyAuu95AFtgv8VH1guvOtHQCiCy	riggs.goodwin
836	London Terrell	840	5	f	employee	$2b$10$XFhn31bF3cBGrRSOdYL9MObHxDeUXR9WRzAnOQ9PgGiJkkFs.HVem	london.terrell
838	Mateo Griffith	840	5	f	employee	$2b$10$xeHxGLZIRXnzYxnqDALTgek1TNCu4DSIHUA3QQ8ADAkxr7gEafNIO	mateo.griffith
840	Jack Curtis	934	5	f	manager	$2b$10$H7oM9i5jnjQcuQDfcxKnI.vMjpVkQdfcGJxz6KyXw5uRwh1oEjZRm	jack.curtis
842	Johan Buckley	845	5	f	employee	$2b$10$dh5z4HkPM/bjhRdku8Yj6.rDiLcCZRSeAOrOWtL6fPlbUe9hjhWbq	johan.buckley
844	Alistair Quintana	845	5	f	employee	$2b$10$BIPcumU4YN/d.s0MS5Z0uuqqsalEVwberB6k6pX9WmjSoIPTZ/B36	alistair.quintana
845	Kenia Galvan	934	5	f	manager	$2b$10$DmNt2KWkdiu.d6YgcBcLo.WWXJPvI4Vrr1EoqsvD6wV0088QfWI.e	kenia.galvan
847	Layla Schmidt	864	5	f	employee	$2b$10$hNQEKl7OWIqGg/YPTFDzw.iuvWqTM9LtDXDzWY1yEhAjoAuXG3TC2	layla.schmidt
752	Nikolai Rowe	753	5	f	employee	$2b$10$ON2.PWoWhb7mN7jAD24LHuOnuD4PyaGKn9o8dJBiLwfoIAzQoX2x.	nikolai.rowe
823	Brianna Ali	831	5	f	employee	$2b$10$rtx/ixnHxkqPJJToTw9oWOTiib7nnPr.v0fRo2zAWZfZhnanFuweG	brianna.ali
753	Matilda Cantrell	934	5	f	manager	$2b$10$Q5137sqC16M1ftu6eqMz1.lv7imhpEVehToIPH/UjDYj0TmcBsNaK	matilda.cantrell
755	Annalise Lu	758	5	f	employee	$2b$10$HBwkXdL7SFfzJdpg8kkXfedGlikMUNyo2f0D2apXBO.qq0n6ZafoC	annalise.lu
757	Cecilia Sims	758	5	f	employee	$2b$10$kf4UsN0JPOJ01IXZrjlkjO6jEBPwb58d6FSnuwNR.//qeeu328162	cecilia.sims
758	Brian Lu	934	5	f	manager	$2b$10$PvbheNx.NuH82EG1lhYGDOFmwYOJy9ZLEtnYwiRWpKNMuhrxi41ia	brian.lu
760	Grey Ellison	777	5	f	employee	$2b$10$zHMZl5dIsUBS.gL8/QiU0OK04iBICXxuEr1Nyn2NMiJMJTENNEvL6	grey.ellison
762	Elias Duffy	777	5	f	employee	$2b$10$HKTHvQmzABnE1Wnf.H1cz..l4Ch1UEgumFJgfbTedZ22eRBtYRQ3O	elias.duffy
764	Abram Briggs	777	5	f	employee	$2b$10$hu1Ib7qZxLx/ty00v0sgoOsUCKr.V0wA7FNbgbfjvWZL7YnI2BhSi	abram.briggs
766	Stephen Alfaro	777	5	f	employee	$2b$10$1snfvhepYfG2N/9iKaHhZeOUkI.mE8aRo1kOiea43wPzAKkaUoZSi	stephen.alfaro
768	Mylo Valdez	777	5	f	employee	$2b$10$C6VA/ttI7pwBMSKiQS8USuvyrdTPUFmudJcoqlIA6ecc3g5L5xjFu	mylo.valdez
769	Diana Reyes	777	5	f	employee	$2b$10$aWoyS/MENT2YFpZzjJ5v5O13BFwIc9njZU2x1PlKwjn.Q.r405Kyq	diana.reyes
771	Ada Hicks	777	5	f	employee	$2b$10$bc0pb1bHFmu0TQyBXh0aU.XlVGZtFBWst.JvbSdIuW0YwEiOFVOmS	ada.hicks
773	Scarlett Contreras	777	5	f	employee	$2b$10$BT0zFfOkzDiNnubqpnBOaOj0OaiTYP8q..BajikZeLT38d.M33Zfe	scarlett.contreras
775	Cameron Rich	777	5	f	employee	$2b$10$1qDElGBdnBi7qGu2.T.nmOg/YZV9Hh/da4IZpZDXlPSTljW4w/ZBK	cameron.rich
777	Kate McCarthy	934	5	f	manager	$2b$10$COd8YiewOGtFCvsp34dtlOHALfny9GrVVkXijzpFuwQzPu3ycIf3a	kate.mccarthy
779	Juniper Houston	786	5	f	employee	$2b$10$SzyDvicl.8UPZylJocz6hOq4.404812ZES/8S4gBMm2RGvbPHQWTm	juniper.houston
780	Sylas Lugo	786	5	f	employee	$2b$10$lboPmPC./5kAvGkuKEIPjuVQUdlatM9O1whIsoIhVDVUHhZip5Iaa	sylas.lugo
782	Ramon Sawyer	786	5	f	employee	$2b$10$0/GdkZvzAE0HxPANd76eJeQL2XHqpOWun28XxsPmi5nbbvZRI/dRW	ramon.sawyer
784	Joel Riley	786	5	f	employee	$2b$10$4ZZp.XTLCs.sVGRQ85qmteFPIDIvKiMJD2HCM5uIXGHjBsqzOVZUy	joel.riley
786	Lane Meyer	934	5	f	manager	$2b$10$n0vs73oZZIJvP7oKfXjHy.21bXXKULGT5elk8nZ3GInxU8vsdsDAa	lane.meyer
788	Frederick Tran	789	5	f	employee	$2b$10$wNrhO6S3NcQ/JVCyFZ3.zODDKwC9ygXyH9BGP0Gj2pwFLoJ5m51nW	frederick.tran
790	Callum Reilly	797	5	f	employee	$2b$10$1miBg4GnhMb1b1C6rU8RkOib64BQLEHFLMSFlMzItunb/RHdXSgba	callum.reilly
792	Jase Thomas	797	5	f	employee	$2b$10$eUdposNRduEBiRlN3ZW4meBG3v0D9quHkvl9Q66/HHsIMlEBl/iqC	jase.thomas
794	Kobe Massey	797	5	f	employee	$2b$10$J2VrGARx.A1BKIW5Hxhwmuwl5TDDF4nbpVWj9i9otPcfCFmhjvPBW	kobe.massey
796	Davis Lawson	797	5	f	employee	$2b$10$1HdEbdRuDsGAexiVKkBWRezxSd/ncAjvT0DTs5TLf8I7FM55.mZd.	davis.lawson
797	Phoebe Macias	934	5	f	manager	$2b$10$b6sjtw4Gyt4r9UNKKGsUderB0FR4ztoEGkqJPspq7YmBpX8XnfCX6	phoebe.macias
799	River Marshall	815	5	f	employee	$2b$10$PJRpxnQVLvZFEmqiGFW9S.HwrqWu8aJtPfEDQ8Xo27Dv9JjuixN.2	river.marshall
801	Viviana Bautista	815	5	f	employee	$2b$10$UvGqBlgoDgjDTeXwZUOEtOfBFF7hl4N6NNSmog1wfxFeBxZKy2hIq	viviana.bautista
802	Raul Sloan	815	5	f	employee	$2b$10$ZfiL7Rb9jkSpwjrNDLxoG.CAepuNuq0MJzqT8PREd/gzA/Hk.sfJK	raul.sloan
804	Jaxen Riley	815	5	f	employee	$2b$10$5/QRRP7Xyf8wr6wk9asK1exja29x/N3sIQt/LbKGMrmJwq/764.Ca	jaxen.riley
806	Emory Craig	815	5	f	employee	$2b$10$tHmNBgG7lUQOCixGoxSRTeRv3f/Nn7lzuVig0pH/K.9sPzjnu2vuy	emory.craig
808	Atticus Brandt	815	5	f	employee	$2b$10$zVs/1necE.2vnnWK0RTOw.bKRo7gGXjm99cJ6jfnGlIhRq7D92Yku	atticus.brandt
810	Sutton Francis	815	5	f	employee	$2b$10$MFuOVBg0MNVCisigVlWEPOxdTgKzHLh6nA6qnVTFFNryQmehh6hse	sutton.francis
812	Bear Keith	815	5	f	employee	$2b$10$t3FUp1fhWyNd6/W1KW6FC.F1eg3Aa5miC/1KVwPK2Wka.bZvRV1l2	bear.keith
814	Murphy Macdonald	815	5	f	employee	$2b$10$5EevOlvxtl9I5B19djWEo.Px3HtUNaLYG4DfvDKb.ioTIOEeXrfsC	murphy.macdonald
815	Rosalia Sanchez	934	5	f	manager	$2b$10$3RGLMQ5DMB2.sHPGFWtEtuuXuFh1FY5.TfQfBEub9gShKU6R0nsIG	rosalia.sanchez
817	Clarissa Clay	820	5	f	employee	$2b$10$s./EFV1kNPshaK3946MOXe4jbgaum.wL1nnbfn/8j6zUVC91Dcygm	clarissa.clay
819	Genevieve Morton	820	5	f	employee	$2b$10$SUD0NzGuU0kGJA5MZKbp3eNC.K1R/gwG.5gb5WP7ue9JVYDSxdJFK	genevieve.morton
821	Teresa Combs	831	5	f	employee	$2b$10$lFT4XY2mqO4ViqfPO7YtIOxitnvLWoQz.zK6IyBTDZs8ldOD98RTi	teresa.combs
853	Myla McLaughlin	864	5	f	employee	$2b$10$NCCZoQQDz8WtyI9FmbvGleCZRb4JMJnd3wLhHC4K6AFmA01cU3cO6	myla.mclaughlin
855	Lucille Farrell	864	5	f	employee	$2b$10$GVJF8Bh9in5Y59OzgC8bBONM7xlOwTm9qXREQ9fNzkuzX7RsVkPxy	lucille.farrell
856	Ty Brady	864	5	f	employee	$2b$10$/KZNuL/ScYEMiIJGE6SsbetTOikvGyDfIH6gMqzjIW/6rBmXCKBpi	ty.brady
858	Sylas Berry	864	5	f	employee	$2b$10$49XQsCUFlCp6BQz/jIwOxuOcZccOL1EOWAuN/csYB.8Ks81/N5j9.	sylas.berry
860	Eric Schneider	864	5	f	employee	$2b$10$T1mKk4WQU0jhEIRJghkBse.dMlk1N/JWamgG3RDwb1Wfs5Fe4x5jS	eric.schneider
862	Gianni Williamson	864	5	f	employee	$2b$10$ZextEJHfA9V9xJZJzlS/cOmF6FXAQIVhhT5cecaAJGAIXoTqoOI8u	gianni.williamson
864	Victor Luna	934	5	f	manager	$2b$10$tJoO3s49QeAGNOnBWQy4ReiMbY8Ic0PceaAaV/8TTTNC7LoUE9Rpy	victor.luna
865	Journey Ball	873	5	f	employee	$2b$10$Q2I0coaf2mnsPjA6DULVkucLxfyMvWngE6udxW.jnMzbDhNUtZx16	journey.ball
867	Madison Austin	873	5	f	employee	$2b$10$mZMsKR4TdgQA2wg30RmOoO.8ek0h4OgK9kQX/yj9podENCk7Aa/l2	madison.austin
869	Laylah Young	873	5	f	employee	$2b$10$RqvCLUd7hyztR3aJW.NyP.qNH./hWgcMeSXfeGNqoocuCbcLB1IZ2	laylah.young
871	Jemma Maddox	873	5	f	employee	$2b$10$k7KiWarXe8jTaT9hAGX4x.2l4PJgqp59g32nxHlsnSTe0oKbJSzq.	jemma.maddox
873	Khaleesi Merritt	934	5	f	manager	$2b$10$zHEJsyGdnVNEAFPbKVaB8.upqRIzxn2Onj3qY2JheSyZJfOU7853O	khaleesi.merritt
874	Colten Meadows	876	5	f	employee	$2b$10$TwV1u.ZzK1wN2.9pYA8AiuC.sXTU9bsy6loo0MWHoNJhIUCRxDU9G	colten.meadows
876	Lachlan Ramsey	934	5	f	manager	$2b$10$AbbjxGWhriCTQ17WqM.ax.d0QcVxLZWIA2TKv1ypgnPzhVOfkF7fu	lachlan.ramsey
878	Blaine Fuller	884	5	f	employee	$2b$10$qD2GlpWAwkye0T1g118MjO/DGem.YOHpRLGW92rDMopDFMRr7YGpy	blaine.fuller
880	Otis Schaefer	884	5	f	employee	$2b$10$kFotNvnxL1bIGMDxknenD.ZcW0q730lDEoE1hpIzqTn8ipfFylcJG	otis.schaefer
882	Fabian Lang	884	5	f	employee	$2b$10$f8mloG98CNDvxk1kNluRB.2SoFBfhybhYyHQ91jH8z8UsKdkwHism	fabian.lang
884	Gary Garrison	934	5	f	manager	$2b$10$QgY1b2xyJoxqQIpnoYMStukHKtWhIX8VPU4xP6MDcqPy2m4s.5JOu	gary.garrison
886	Damien Harding	902	5	f	employee	$2b$10$dDQEdDb2o1yJdnU3JLXdOucycJPBi6L/G5fj5BUVbvsKcbp.Voy7G	damien.harding
888	Dario Lowe	902	5	f	employee	$2b$10$ItF4KNelmbrQAP3//SvEBe9nSlMyqLVMr9iDzA7tUZqpQQjQ9zXT.	dario.lowe
890	Blaze Hobbs	902	5	f	employee	$2b$10$K7n8qcDv8/AmJb.T8ZVKWeu66nyC2mcqcNO0F4l6ASvrDsvTFqevG	blaze.hobbs
891	Lacey Gaines	902	5	f	employee	$2b$10$yS26/NyJ7APuFZPO4yNfH.Kba7uOSSKBb5BX8pSLI4usmhIv2F9xO	lacey.gaines
893	Monroe Lowery	902	5	f	employee	$2b$10$czVLDGvT4YvYpkXANxHj6.QdYIrUJbgjlOH2r6ZekSHpHK2NCqn4.	monroe.lowery
895	Kynlee Branch	902	5	f	employee	$2b$10$vQxRATcZ3DvOP90sTYHCougVPNmqkYJplnOUSCtexWM8ya9uy/JV2	kynlee.branch
897	Ella Butler	902	5	f	employee	$2b$10$zJQn1Hxw47kDkj8ILzlF/OAbGGQca0vEapag4uArk8AvltAGcYmg2	ella.butler
899	Bellamy Reyes	902	5	f	employee	$2b$10$agwPI5qaJX19.KJTWhjtvemzEFtACnv8vX8eOD7q0ZlGPA3g3FVNy	bellamy.reyes
900	Eli O’Neal	902	5	f	employee	$2b$10$MtPC.FeytvQN7F9CLnoV5.M.gD4Xz315A6N/4SaT/vDm7atMfWFla	eli.o’neal
902	Kade Shelton	934	5	f	manager	$2b$10$vDQcXX.PFibgKf1h1Qdg.ObkRdueYrYNSbCNv5DREsm2pbKUXH1Kq	kade.shelton
904	Eugene Cummings	909	5	f	employee	$2b$10$6SS.qAV2fj.Im1pihIwtiOwaPhJgB0u591zSrnWYiEsHNGuOINM82	eugene.cummings
905	Nylah Sosa	909	5	f	employee	$2b$10$JfHghs2PsyzsQJHf6D48NutwmK5diTEBGtYEZAsJ12NlLsMyp2Ioy	nylah.sosa
907	Ariya Robertson	909	5	f	employee	$2b$10$faKSXPKqZgbINRiZXhWV9.w1SdsZOpTeMc/CAhJxhGT0Qml3j5iqO	ariya.robertson
909	Emerson Liu	934	5	f	manager	$2b$10$2dScnG7o7jsFihjLMrG8uu9jcsUFRPqoeWSwIJEIsffpAswfNTrS2	emerson.liu
911	Landry Wise	916	5	f	employee	$2b$10$ye4mHzsV4x0vRj3m1W0.Z.byGMnq8IV8JPssR69DN/Rj9PpXIgcDe	landry.wise
913	Dorothy Cummings	916	5	f	employee	$2b$10$96fuaLmdZRBd3nMGbQ5SAeN/sbIee5HYjBn692Kt7ISGrraCf.B66	dorothy.cummings
915	Lilianna Good	916	5	f	employee	$2b$10$pbji7ki50xc/OFYwirQrs.1l1aVhCvheYIup679AIh6OrMNcjDd/6	lilianna.good
917	Aubrie Adkins	923	5	f	employee	$2b$10$gQ.vW7azceV3I4uV9dxbUOKyAa9VPfPcOYLX.dmykb03OHZynNTuK	aubrie.adkins
918	Kylo Gonzalez	923	5	f	employee	$2b$10$CPuUXvG0AY7L0pr/7ZK4TuhM4VwB.VUQZvFLj887kp../5wsE1tAq	kylo.gonzalez
920	Jacoby Sampson	923	5	f	employee	$2b$10$8PeVA4/EAhS.cB8YojoTN.oN0yDS72AAXvhvdefoWSKoqtH1E1Eym	jacoby.sampson
922	Ricky Ibarra	923	5	f	employee	$2b$10$MP2/O8ngegcMWDRvkK8Jo.tZoJoh8kmtttcoU/5RCH7z5Xg.M1KQu	ricky.ibarra
924	Julian Cortez	934	5	f	employee	$2b$10$NtDkpLZ8AeqJWIFmxWJv2u.jVrkIc/4Y5G8.GCypDw5SSH0.IzJZW	julian.cortez
926	Landyn Duncan	934	5	f	employee	$2b$10$u4dM8vULFvwEW2L4s3VGFOn/1QzTfw61qenIyqgKZtdywI7Iic4kG	landyn.duncan
928	Sullivan Douglas	934	5	f	employee	$2b$10$QQqUECVFynXKiadzINfcCu/n7U6nYI7ENDPHMigPTgmjB68KogN16	sullivan.douglas
929	Aniyah Garcia	934	5	f	employee	$2b$10$0e6WM/dWPWj6RO2vtUwx3.Gg34RNx2VgScJFa8oYaS8V9aOgBQeOW	aniyah.garcia
931	Gloria Walter	934	5	f	employee	$2b$10$RWSt7eg0XoQw.agKyXqb/OGT38sM2Bufy.UHHulGKrPrMtvQwJ4Zy	gloria.walter
933	Tiana Christian	934	5	f	employee	$2b$10$VToKRvIx.E/xBbjihQ7PKOJV/oxxc8K9GLmGZ6UtSUJlqWTK4gqq2	tiana.christian
935	Alaina James	943	6	f	employee	$2b$10$RJ5hV22IzSFTfNgC2sAv5OQ0zv525aGGuXkXo1WcYFEHqn/XchTdu	alaina.james
938	Esteban Crane	943	6	f	employee	$2b$10$jF6Ayq1rFwtdMNd0SwRh/.q/bmxb9.lVdon4Z/2B.dV6.a1QsaJLO	esteban.crane
940	Deacon Baxter	943	6	f	employee	$2b$10$SlHhnoOu7h660xm9iFF1EuPssoaMNv/Sxe1oBMjPvrC38U0LY9/he	deacon.baxter
941	Lara Howard	943	6	f	employee	$2b$10$LRjZgtV.eXBnq9uF6ZY0JOEpS.1m2XLkHWER1Us8Urt2LdNg5JXda	lara.howard
943	Kallie Hail	987	6	f	manager	$2b$10$sJZKrANuS0SubWHfVGjNXuQw1Kar88P33ucH9T4Tev7avmC.UfIOe	kallie.hail
945	Barbara Bailey	948	6	f	employee	$2b$10$H8Mldk7SRa.zZhl78r0s3ug.e7d0pbaudm9g945ZmjAtlnNq8Tj2G	barbara.bailey
947	Paris Ryan	948	6	f	employee	$2b$10$JezsQ8i29Qv6iQYbtX99SOWDkUv4Z0S/Nirhd1mgmB2zeYz7/AEQm	paris.ryan
951	Jaylin Lucero	967	6	f	employee	$2b$10$BNjDevOyGbWXfEW9Tj5ySOJVLDAcy1U8gghLUG5kG6/aYuvn8VGe.	jaylin.lucero
952	Felipe Walton	967	6	f	employee	$2b$10$B8L8AMLU9/RR0LqsNurl9e.47/fXEycns72DUTLlobyvFz8ShNEja	felipe.walton
953	Scarlet Sanford	967	6	f	employee	$2b$10$.oAKmVd7m3PxBy0y5OmC3.a.synTbcIaqH4/jNKKD4pIopMQGl8AK	scarlet.sanford
960	Aziel Dean	967	6	f	employee	$2b$10$q4gJp7HKoFJutWZZZ3YXoetr5s9ccPUp6gscBRsQ4KMUY0IX.ccaS	aziel.dean
961	Julianna Owens	967	6	f	employee	$2b$10$fK3SBL9hBCrxzwzorOGWXe.YxDNJpXMPl7pC1vJ8oDTg4dUqf1AkK	julianna.owens
962	Adriel Romero	967	6	f	employee	$2b$10$ZrZjosc8y1khVOhbWuL0ZuUUuuPtH/GLIxNXZogy4MavxiBm9iqXu	adriel.romero
963	Eliza Watson	967	6	f	employee	$2b$10$FfVzihLAxrfKsn2OuCN4ueLOpy.uvAPdymfZf3a7JWqrZm8sBjHcy	eliza.watson
964	Greyson Hernandez	967	6	f	employee	$2b$10$4nlLYV0lmi5E0cAZhI6qXOGPjd/RPIWEqlgUj4/3YLWgiFe5aNQ2m	greyson.hernandez
965	Camila Gutierrez	967	6	f	employee	$2b$10$1Ws09R09A8t39IX/ManrAutM0UzozGahXSfS5tbbvEVXyp.qgGwxO	camila.gutierrez
966	Luca Escobar	967	6	f	employee	$2b$10$/hbX1n3I3QyZUaBkP59tHeuVLbnOMTKZPMUqvmcnwz8P.WQ7qSQz6	luca.escobar
967	Erin Enriquez	987	6	f	manager	$2b$10$8.NSedHTGnF2tivwOr27MuFT8pKjs62vxAJnuZzUoLh6UJVtsDk8y	erin.enriquez
968	Elisha Ali	976	6	f	employee	$2b$10$uMIuqReNls.9DbW4J041cu1pmFpTa8eqlQ.ZAtgZWgnvPQCMeWjcW	elisha.ali
969	Zelda Conrad	976	6	f	employee	$2b$10$eTbyY7xpeXxTZpwfT8Vw7edm1Wee7wfdHQK2c2F/PG8f5PEzXiyVy	zelda.conrad
970	Dilan Fitzgerald	976	6	f	employee	$2b$10$Fw4yA0e5hO0mfLUmlD8bWO6VaJdtef83I/xIIZQh/lIBd5Fk2.om.	dilan.fitzgerald
971	Marlee Carrillo	976	6	f	employee	$2b$10$xF8QTaDeCmaUh8RRDgnHkeBHFtfaffKxy3qN1JKCQDbxxo7Vug/N.	marlee.carrillo
972	Wade Roman	976	6	f	employee	$2b$10$UyC3tQSHLzQGUXVvOESuue6kje1O5m0RXTXNjENFwJn33z1kO2peu	wade.roman
973	Astrid Pruitt	976	6	f	employee	$2b$10$q2.CvfUiYHNU1MUEKsviHuJoUy85yGyYQwdSbXwt.aCqTXmQBiq16	astrid.pruitt
974	Gatlin Daniels	976	6	f	employee	$2b$10$ofO1jljfSmxNxRybDjA1uOBZNbcngYPU6vk9g.4.Q1L3mj8hs4aKa	gatlin.daniels
975	Ember Lowe	976	6	f	employee	$2b$10$/JOsN1T0TJ5kqS78NVBNfOfmUR0U5kM82V7v8E.FroIdMqpGlSBRW	ember.lowe
976	Julius Brandt	987	6	f	manager	$2b$10$p48ei5G57CsRTtPhse61XOWL2GHj7H./eU.bvtnX6vkOrRMYKma0.	julius.brandt
977	Loretta Adkins	979	6	f	employee	$2b$10$QlPzo7tBLDhUdsXS10tbHeWRBA0cySRlasjMYSWBGQKTEBaP0Fkoa	loretta.adkins
978	Kylo Marks	979	6	f	employee	$2b$10$.wZ.Nv5zdser7rhsLE5EC.kQiNC9TwL3CvWoPFmsCadMkPB.A4gYK	kylo.marks
979	Monica Sullivan	987	6	t	admin	$2b$10$QTzJu0Gl6msvU79iPucRne5yiYvTXe7tvFMMxaJSctHs6oY3YCyPS	monica.sullivan
980	Evan Castillo	987	6	t	admin	$2b$10$/pPrHxGhCqkeudzEFiTgbOrz6jhjguS3SI3Y0vnMS/0oH0HuaP6OO	evan.castillo
981	Eva McPherson	987	6	t	admin	$2b$10$puU.zbQ.dQLEgwLWQLgKDuiYd88eTyP4w0EEcrj0LvOS7jvS0eqYi	eva.mcpherson
982	Foster Avila	987	6	t	admin	$2b$10$rUNEKrQVk3lNB5NgOAkpGeWjkmMZqSeov.g67nN1R.R7sFZfnGGQq	foster.avila
983	Amiyah Wu	987	6	t	admin	$2b$10$EEBzJpwiUgwOk9M77xOJrutEUwi6YNEAtwBntRB82nMLIdOIMHIRW	amiyah.wu
984	Kyson Salinas	987	6	t	admin	$2b$10$wFfWwcsDhdX3uC9PXx6rKOq2hyrI64JTelwgGdFhRK3Mx2uXAnHt.	kyson.salinas
985	Royalty Melton	987	6	f	employee	$2b$10$YICQ1WhWvsAJqVsRfQuySeXLpaq80EBgrQQ5I8F24D2unOsumABh.	royalty.melton
986	Lennon Harvey	987	6	f	employee	$2b$10$Pei.UWPmmJ5sbdlteskbeOJHvqMq.VY0LU..4AVx.f2k3AsQk8.Ve	lennon.harvey
988	Crosby Reeves	\N	7	f	manager	$2b$10$WMoDjrhlxnyI2IvGo/JFe.qk2MvvCfmlqqCjjCaylqlCw7Ox1tsUe	crosby.reeves
948	Timothy Hanna	987	6	f	manager	$2b$10$xNehgWCc8nLApOiygHlt/ODCGBlbOyamLykm0DtcixHFAejUSwTiG	timothy.hanna
949	Cynthia Lane	967	6	f	employee	$2b$10$AFnNyR1pUTYa74mn1zesYuIWfaRLRC6F.8zO6dQ37R3p0D0BVuXtK	cynthia.lane
950	Matias Bentley	967	6	f	employee	$2b$10$eUGjx92LAQbVMrdT0xE3zuMjaRVuWMzONqpClvQc8Wun1iqCtDTai	matias.bentley
954	Truett Fitzgerald	967	6	f	employee	$2b$10$/5v.5fgRVo3i6TDigQkqy.ep/ESwdAZLL1iNp04OlyhstgQUtqOr2	truett.fitzgerald
955	Marlee Garrett	967	6	f	employee	$2b$10$AE9tUrpyBO0gqhvgFybKMOz/f90SQg9mP2pY8SMTmn7/xdzQUqT5y	marlee.garrett
956	Kairo Bass	967	6	f	employee	$2b$10$2faVfQ.EwYvpC4tNPWwrBOGGeEq8uHR2JydPNjiO2spOTErRsDE5.	kairo.bass
957	Zahra Davila	967	6	f	employee	$2b$10$TP04DnOpBbIy7wtB1LkA7./2o/4HN/1myc2a3EHFdEk8fN93RJYUO	zahra.davila
958	Grey Mays	967	6	f	employee	$2b$10$pV/tLmFiTu/dxwbgLbPjCeDqwOTozBwrP6pqIQe2jYVZ1abHhQIIa	grey.mays
959	Denisse Norman	967	6	f	employee	$2b$10$Tj7aju6YRPtRKTcxpr7yx.oEFGZgurSeu7/e0wIw6IqsasSIAgHSu	denisse.norman
987	Nicole McLean	988	6	t	admin	$2b$10$xmtOypkz.OC3TPfnNAof/OujEdyvJXEZr2NU3cKQMz/w5dj6zx9Dm	nicole.mclean
\.


--
-- Data for Name: person_project_assignment; Type: TABLE DATA; Schema: public; Owner: postgres
--

COPY public.person_project_assignment (person_id, project_id, status) FROM stdin;
\.


--
-- Data for Name: person_skill; Type: TABLE DATA; Schema: public; Owner: postgres
--

COPY public.person_skill (person_id, skill_id, status, level, years, frequency, notes, requested_at) FROM stdin;
41	3	Canceled	\N	\N	\N	\N	\N
44	7	Approved		0			\N
44	12	Approved	Advanced	3	Monthly		\N
44	8	Approved	Intermediate	1	Weekly		\N
44	1	Approved	Intermediate	1	Weekly		\N
44	6	Approved	Intermediate	1	Weekly		\N
977	7	Approved	Advanced	4	Occasionally		2025-12-02 19:46:44.43707
979	10	Approved	Intermediate	1	Weekly		2025-12-02 19:34:23.793942
979	11	Approved	Advanced	3	Weekly	abc	2025-12-02 19:34:23.793942
979	8	Approved	Expert	1	Weekly		2025-12-02 19:34:23.793942
979	12	Approved	Intermediate	1	Weekly		2025-12-02 19:34:23.793942
980	2	Approved	Beginner	1	Weekly		2025-12-02 19:52:21.550348
980	4	Approved	Expert	6	Daily		2025-12-02 19:52:59.283101
987	1	Approved	Intermediate	3	Monthly		2025-12-02 20:46:10.024406
48	10	Requested	Advanced	1	Weekly		2025-12-02 23:03:48.233231
\.


--
-- Data for Name: project; Type: TABLE DATA; Schema: public; Owner: postgres
--

COPY public.project (project_id, project_name, status, project_owning_organization_id, project_start_date, project_end_date) FROM stdin;
1	Order Management	Approved	1	2025-01-01	2025-12-31
2	Offer Management	Approved	1	2025-04-15	2025-06-30
3	Customer A1	Approved	2	2025-06-22	2026-06-21
4	New Low Cost Carrier CD	Approved	2	2025-10-10	2026-04-30
\.


--
-- Data for Name: project_skill_required; Type: TABLE DATA; Schema: public; Owner: postgres
--

COPY public.project_skill_required (project_id, skill_id, status) FROM stdin;
1	1	Approved
1	2	Approved
1	4	Approved
1	5	Canceled
1	6	Approved
1	7	Approved
1	8	Approved
1	10	Approved
1	11	Approved
1	12	Approved
2	1	Approved
2	2	Approved
2	4	Approved
2	6	Approved
2	7	Approved
2	8	Approved
2	10	Approved
2	12	Approved
3	2	Approved
3	4	Approved
3	5	Canceled
3	6	Approved
3	7	Approved
4	2	Approved
4	4	Approved
4	6	Approved
4	7	Approved
4	9	Approved
\.


--
-- Data for Name: skill; Type: TABLE DATA; Schema: public; Owner: postgres
--

COPY public.skill (skill_id, skill_name, status, skill_type) FROM stdin;
1	Java	Approved	Technology
2	C++	Approved	Technology
3	ECCP	Canceled	Technology
4	Project Management	Approved	Experience
5	Scrum Master	Approved	Knowledge
6	QA Testing	Approved	Knowledge
7	Industry APIs	Approved	Knowledge
8	Operating Metrics	Approved	Experience
9	Agentic AI	Approved	Other
10	Data Processing	Approved	Experience
11	Data Storage	Approved	Technology
12	Product Feature Design	Approved	Experience
\.


--
-- Data for Name: team_high_value_skills; Type: TABLE DATA; Schema: public; Owner: postgres
--

COPY public.team_high_value_skills (id, team_id, skill_id, priority, notes, assigned_by, created_at) FROM stdin;
3	987	12	High		987	2025-12-02 21:18:57.422505
4	987	6	High		987	2025-12-02 21:30:33.988942
5	48	1	Medium		48	2025-12-02 22:12:58.664668
6	48	9	Medium		48	2025-12-02 22:13:03.575355
7	48	6	High		48	2025-12-02 22:18:42.559719
8	967	7	Medium		967	2025-12-02 22:21:03.667296
9	967	6	High		967	2025-12-02 22:21:39.315194
\.


--
-- Name: organization_organization_id_seq; Type: SEQUENCE SET; Schema: public; Owner: postgres
--

SELECT pg_catalog.setval('public.organization_organization_id_seq', 1, false);


--
-- Name: person_person_id_seq; Type: SEQUENCE SET; Schema: public; Owner: postgres
--

SELECT pg_catalog.setval('public.person_person_id_seq', 1, false);


--
-- Name: project_project_id_seq; Type: SEQUENCE SET; Schema: public; Owner: postgres
--

SELECT pg_catalog.setval('public.project_project_id_seq', 1, false);


--
-- Name: skill_skill_id_seq; Type: SEQUENCE SET; Schema: public; Owner: postgres
--

SELECT pg_catalog.setval('public.skill_skill_id_seq', 2, true);


--
-- Name: team_high_value_skills_id_seq; Type: SEQUENCE SET; Schema: public; Owner: postgres
--

SELECT pg_catalog.setval('public.team_high_value_skills_id_seq', 9, true);


--
-- Name: organization organization_pkey; Type: CONSTRAINT; Schema: public; Owner: postgres
--

ALTER TABLE ONLY public.organization
    ADD CONSTRAINT organization_pkey PRIMARY KEY (organization_id);


--
-- Name: person person_pkey; Type: CONSTRAINT; Schema: public; Owner: postgres
--

ALTER TABLE ONLY public.person
    ADD CONSTRAINT person_pkey PRIMARY KEY (person_id);


--
-- Name: person_project_assignment person_project_assignment_pkey; Type: CONSTRAINT; Schema: public; Owner: postgres
--

ALTER TABLE ONLY public.person_project_assignment
    ADD CONSTRAINT person_project_assignment_pkey PRIMARY KEY (person_id, project_id);


--
-- Name: person_skill person_skill_pkey; Type: CONSTRAINT; Schema: public; Owner: postgres
--

ALTER TABLE ONLY public.person_skill
    ADD CONSTRAINT person_skill_pkey PRIMARY KEY (person_id, skill_id);


--
-- Name: person person_username_key; Type: CONSTRAINT; Schema: public; Owner: postgres
--

ALTER TABLE ONLY public.person
    ADD CONSTRAINT person_username_key UNIQUE (username);


--
-- Name: project project_pkey; Type: CONSTRAINT; Schema: public; Owner: postgres
--

ALTER TABLE ONLY public.project
    ADD CONSTRAINT project_pkey PRIMARY KEY (project_id);


--
-- Name: project_skill_required project_skill_required_pkey; Type: CONSTRAINT; Schema: public; Owner: postgres
--

ALTER TABLE ONLY public.project_skill_required
    ADD CONSTRAINT project_skill_required_pkey PRIMARY KEY (project_id, skill_id);


--
-- Name: skill skill_pkey; Type: CONSTRAINT; Schema: public; Owner: postgres
--

ALTER TABLE ONLY public.skill
    ADD CONSTRAINT skill_pkey PRIMARY KEY (skill_id);


--
-- Name: team_high_value_skills team_high_value_skills_pkey; Type: CONSTRAINT; Schema: public; Owner: postgres
--

ALTER TABLE ONLY public.team_high_value_skills
    ADD CONSTRAINT team_high_value_skills_pkey PRIMARY KEY (id);


--
-- Name: team_high_value_skills team_high_value_skills_team_id_skill_id_key; Type: CONSTRAINT; Schema: public; Owner: postgres
--

ALTER TABLE ONLY public.team_high_value_skills
    ADD CONSTRAINT team_high_value_skills_team_id_skill_id_key UNIQUE (team_id, skill_id);


--
-- Name: idx_person_skill_status_requested_at; Type: INDEX; Schema: public; Owner: postgres
--

CREATE INDEX idx_person_skill_status_requested_at ON public.person_skill USING btree (status, requested_at);


--
-- Name: organization fk_org_manager; Type: FK CONSTRAINT; Schema: public; Owner: postgres
--

ALTER TABLE ONLY public.organization
    ADD CONSTRAINT fk_org_manager FOREIGN KEY (organization_manager_person_id) REFERENCES public.person(person_id) ON UPDATE CASCADE ON DELETE SET NULL;


--
-- Name: person fk_person_manager; Type: FK CONSTRAINT; Schema: public; Owner: postgres
--

ALTER TABLE ONLY public.person
    ADD CONSTRAINT fk_person_manager FOREIGN KEY (manager_person_id) REFERENCES public.person(person_id) ON UPDATE CASCADE ON DELETE SET NULL;


--
-- Name: person fk_person_org; Type: FK CONSTRAINT; Schema: public; Owner: postgres
--

ALTER TABLE ONLY public.person
    ADD CONSTRAINT fk_person_org FOREIGN KEY (member_of_organization_id) REFERENCES public.organization(organization_id) ON UPDATE CASCADE ON DELETE SET NULL;


--
-- Name: person_project_assignment person_project_assignment_person_id_fkey; Type: FK CONSTRAINT; Schema: public; Owner: postgres
--

ALTER TABLE ONLY public.person_project_assignment
    ADD CONSTRAINT person_project_assignment_person_id_fkey FOREIGN KEY (person_id) REFERENCES public.person(person_id) ON UPDATE CASCADE ON DELETE CASCADE;


--
-- Name: person_project_assignment person_project_assignment_project_id_fkey; Type: FK CONSTRAINT; Schema: public; Owner: postgres
--

ALTER TABLE ONLY public.person_project_assignment
    ADD CONSTRAINT person_project_assignment_project_id_fkey FOREIGN KEY (project_id) REFERENCES public.project(project_id) ON UPDATE CASCADE ON DELETE CASCADE;


--
-- Name: person_skill person_skill_person_id_fkey; Type: FK CONSTRAINT; Schema: public; Owner: postgres
--

ALTER TABLE ONLY public.person_skill
    ADD CONSTRAINT person_skill_person_id_fkey FOREIGN KEY (person_id) REFERENCES public.person(person_id) ON UPDATE CASCADE ON DELETE CASCADE;


--
-- Name: person_skill person_skill_skill_id_fkey; Type: FK CONSTRAINT; Schema: public; Owner: postgres
--

ALTER TABLE ONLY public.person_skill
    ADD CONSTRAINT person_skill_skill_id_fkey FOREIGN KEY (skill_id) REFERENCES public.skill(skill_id) ON UPDATE CASCADE ON DELETE CASCADE;


--
-- Name: project project_project_owning_organization_id_fkey; Type: FK CONSTRAINT; Schema: public; Owner: postgres
--

ALTER TABLE ONLY public.project
    ADD CONSTRAINT project_project_owning_organization_id_fkey FOREIGN KEY (project_owning_organization_id) REFERENCES public.organization(organization_id) ON UPDATE CASCADE ON DELETE RESTRICT;


--
-- Name: project_skill_required project_skill_required_project_id_fkey; Type: FK CONSTRAINT; Schema: public; Owner: postgres
--

ALTER TABLE ONLY public.project_skill_required
    ADD CONSTRAINT project_skill_required_project_id_fkey FOREIGN KEY (project_id) REFERENCES public.project(project_id) ON UPDATE CASCADE ON DELETE CASCADE;


--
-- Name: project_skill_required project_skill_required_skill_id_fkey; Type: FK CONSTRAINT; Schema: public; Owner: postgres
--

ALTER TABLE ONLY public.project_skill_required
    ADD CONSTRAINT project_skill_required_skill_id_fkey FOREIGN KEY (skill_id) REFERENCES public.skill(skill_id) ON UPDATE CASCADE ON DELETE CASCADE;


--
-- Name: team_high_value_skills team_high_value_skills_assigned_by_fkey; Type: FK CONSTRAINT; Schema: public; Owner: postgres
--

ALTER TABLE ONLY public.team_high_value_skills
    ADD CONSTRAINT team_high_value_skills_assigned_by_fkey FOREIGN KEY (assigned_by) REFERENCES public.person(person_id) ON DELETE SET NULL;


--
-- Name: team_high_value_skills team_high_value_skills_skill_id_fkey; Type: FK CONSTRAINT; Schema: public; Owner: postgres
--

ALTER TABLE ONLY public.team_high_value_skills
    ADD CONSTRAINT team_high_value_skills_skill_id_fkey FOREIGN KEY (skill_id) REFERENCES public.skill(skill_id) ON DELETE CASCADE;


--
-- Name: team_high_value_skills team_high_value_skills_team_id_fkey; Type: FK CONSTRAINT; Schema: public; Owner: postgres
--

ALTER TABLE ONLY public.team_high_value_skills
    ADD CONSTRAINT team_high_value_skills_team_id_fkey FOREIGN KEY (team_id) REFERENCES public.person(person_id) ON DELETE CASCADE;


--
-- PostgreSQL database dump complete
--

\unrestrict uS0hpYcM1tlBvuzd6HBSbBDNRVXbiUiF3nd6gyffoOkj91Rcvc1yfQTo2ec0klO

